{"crisc001": 1.0, "jasoj001": 1, "mossb001": 3.0, "donaj001": 1.0, "cespy001": 1, "maxwj002": 1.0, "cartc002": 1.0, "hamij003": 4.5, "troum001": 2.1666666666666665, "fielp001": 1.0, "trumm001": 3.1666666666666665, "piera001": 2.0, "kendh001": 1.5, "cruzn002": 2.0, "berkl001": 1, "mclon001": 1.0, "pujoa001": 2.0, "machm001": 2.0, "hardj003": 2.0, "reimn001": 1, "butlb003": 1, "riosa002": 1.0, "dunna001": 1, "calla001": 2.0, "gimeh001": 1, "gonza003": 1, "vanss001": 1, "hernr002": 1.0, "castj006": 1.0, "aybae001": 4.0, "corpc001": 1.0, "penac001": 1, "congh001": 3, "ransc001": 1, "hafnt001": 1.0, "frann001": 1, "ibanr001": 2.0, "smoaj001": 2.0, "seagk001": 1.0, "bourp001": 1, "alvap001": 1.0, "mercj002": 1, "mccua001": 1, "sancg001": 1, "jay-j001": 1.0, "carpm002": 1, "craia001": 1.0, "ortid001": 1, "napom001": 1, "sogae001": 1.0, "thomc002": 1.0, "herrc001": 1, "florp001": 1, "reyej001": 1.0, "calhk001": 5.0, "lawrb002": 1.0, "belta001": 2.0, "domim001": 2, "wallb001": 1, "hoesl001": 1.0, "chisl001": 1.0, "swisn001": 2.0, "shucj001": 1.0, "santc002": 1, "stubd001": 1, "zobrb001": 1.0, "greeg002": 1, "jennd002": 1.0, "escoy001": 1, "myerw001": 2.0, "iannc001": 1, "andre001": 1, "cowgc001": 1.0, "lowrj001": 1}