{"uptoj001": 1.5, "montm001": 1.5, "lopej003": 2, "tulot001": 1.5454545454545454, "iannc001": 5.0, "lonej001": 3.0, "barar001": 3.0, "heltt001": 2.6666666666666665, "soria001": 1.0, "casts001": 1, "smits002": 3.0, "burrp001": 1.0, "schin001": 2, "sancf001": 1, "sandp001": 2.0, "huffa001": 1, "wiggt001": 1.4, "spilr001": 2.0, "mccua001": 1.0, "joneg002": 1, "gonzc001": 3.2, "beltc001": 3.0, "herrj002": 2, "maybc001": 3.0, "hawpb001": 1, "ludwr001": 1.0, "torra001": 1.0, "johnk003": 2.0, "giamj001": 3.0, "jay-j001": 1.0, "rasmc001": 1, "kempm001": 3.0, "denoc001": 1.0, "johnr009": 1.0, "nelsc001": 1.0, "peraj001": 1, "boesb001": 1, "cabrm001": 1, "ramia003": 1.0, "beckg001": 1, "ellim001": 5.0, "blacc001": 1, "betew001": 1.0, "gorda001": 1, "cabrm002": 2.0, "hosme001": 1, "hartc001": 2.0, "weekr001": 1, "freef001": 2.0, "hinse001": 1, "uggld001": 2, "heywj001": 1, "conrb001": 1, "maybj001": 1, "victs001": 1, "howar001": 1.5, "morsm001": 1.0, "ankir001": 1, "gomej001": 1.0, "stanm004": 3.0, "buckj001": 1, "gwynt002": 1, "milea001": 1, "oeltt001": 1, "bogub001": 1, "downm001": 1, "lee-c001": 1.0, "parej002": 1, "barmc001": 1, "fowld001": 3, "blumg001": 1, "millk004": 1, "rosaw001": 1, "heisc001": 2, "franj005": 1, "vottj001": 2, "brucj001": 1, "pachj001": 2, "beltb001": 3.0, "rossc001": 1, "stewc001": 1, "fontm001": 1.0, "cainm001": 1, "crawb001": 1, "cunna001": 1.0}