{"gonza002": 1.5, "tejam001": 5, "bautj002": 3.0, "encae001": 2, "pie-f001": 1.5, "brigr001": 2, "crawc002": 1, "wiggt001": 4.0, "scotl001": 2.7142857142857144, "penac001": 2.0, "uptob001": 4, "posaj001": 1.0, "canor001": 1.3333333333333333, "markn001": 2.0, "drewj001": 2.0, "pedrd001": 1, "ortid001": 2.0, "vanej001": 1, "wietm001": 3.0, "youkk001": 1.5, "varij001": 1.0, "langr002": 1.0, "suzui001": 1.0, "sweem002": 1, "saunm001": 1, "pattc001": 4, "keara001": 1, "crowt001": 1, "lapom001": 1.0, "branr001": 2.0, "rosaa001": 1.0, "atkig001": 1, "grosg002": 1.0, "belta001": 3.0, "scutm001": 2, "martv001": 1.0, "swisn001": 1.0, "granc001": 2, "teixm001": 1, "jonea003": 2.25, "moors001": 1.0, "cartc001": 2.0, "reyej001": 1.0, "franj004": 1, "wrigd002": 2.0, "bay-j001": 1, "sancg001": 1, "cantj001": 1, "bernr001": 1.0, "crisc001": 1, "hilla001": 2.0, "lewif001": 1.0, "escoy001": 1.0, "joycm001": 2, "longe001": 2.0, "cuddm001": 1.0, "mauej001": 1.0, "yound003": 2, "kubej002": 1.0, "thomj002": 1, "repkj001": 1, "kendh001": 1.0, "huntt001": 1, "beckg001": 1.0, "quenc001": 1, "castr002": 1, "konep001": 1, "robeb003": 2.0, "lopej003": 1, "moora001": 1, "tuiam001": 1.0, "morem001": 1.0, "bellj004": 2.0, "hamij003": 2.0, "guerv001": 1, "lowrj001": 1.0, "jasoj001": 1.0, "hawpb001": 1, "zobrb001": 1.0, "baldr001": 1, "rodra001": 2.0, "andir001": 2, "kelld001": 2.0, "ingeb001": 1.0}