{"pujoa001": 1.5, "rasmc001": 1.5, "vottj001": 3.6, "roles001": 2.5, "moliy001": 2.0, "cabro001": 3.0, "hollm001": 1.0, "gomej001": 5.5, "stubd001": 2.1666666666666665, "lee-d002": 1, "philb001": 1.6666666666666667, "fukuk001": 3, "soria001": 1, "bakej001": 1, "kempm001": 2, "ethia001": 1.5, "brucj001": 1.9, "andeg001": 1, "gwynt002": 1.0, "gonza003": 1.5, "venaw001": 1, "nix-l001": 1, "wrigd002": 2, "barar001": 1, "casts001": 1.0, "byrdm001": 1, "owinm001": 1, "fontm001": 1, "hanir001": 2.0, "colvt001": 1.0, "ludwr001": 1, "laruj001": 1, "hartc001": 2.0, "braur002": 1.0, "ceder002": 1.0, "doumr001": 1, "cairm001": 2.0, "heisc001": 2, "pench001": 1.0, "suttd002": 1, "hernr002": 3, "uribj002": 1.0, "poseb001": 1.0, "rowaa001": 1.0, "huffa001": 1, "betay001": 1, "butlb003": 1, "dejed001": 1, "ramim002": 2.0, "arrob001": 1.0, "santc002": 2, "peraj001": 1, "choos001": 2.0, "ibanr001": 1, "schnb001": 1.0, "valdw001": 1, "sardd001": 1.0, "olivm001": 1.0, "iannc001": 1.0, "zimmr001": 1, "guzmc001": 1.0, "harrw001": 1, "dunna001": 1.0, "bernr001": 1, "mccab002": 1.0, "gonza002": 1.0, "schus001": 1.0, "stanm004": 2, "uggld001": 1.0, "helmw001": 1, "valac001": 1, "nadyx001": 1.0, "franj005": 1, "weekr001": 2.0, "snydc002": 1.0, "montm001": 1.0, "churr001": 1, "johnk003": 1, "keppj001": 1, "mcgec001": 1, "millc001": 1, "utlec001": 1.0}