{"iannc001": 1.0, "philb001": 2.3333333333333335, "kendh001": 1, "calla001": 1, "choos001": 2.0, "frazt001": 2.0, "heisc001": 3.0, "cozaz001": 3.5, "paulx001": 4.0, "harpb003": 1.0, "ramow001": 2, "wertj001": 1, "desmi001": 1, "suzuk001": 1.0, "utlec001": 1.0, "galvf001": 1, "ruggj001": 1.0, "vottj001": 5.5, "olivm001": 1, "dejed001": 1.0, "brucj001": 2.2857142857142856, "valbl001": 2, "ransc001": 1.0, "barnd001": 1, "simma001": 2.0, "schaj002": 1, "mesod001": 2.5, "uggld001": 2, "franj005": 2.0, "seguj002": 1.0, "braur002": 1, "aokin001": 1, "lutzd001": 1.0, "felds001": 1.0, "hanir001": 1, "soria001": 1, "giamj001": 1, "tulot001": 3.0, "gonzc001": 3.0, "heltt001": 1, "beltc001": 1.0, "hollm001": 1, "genns001": 2.0, "maldm001": 1, "gomec002": 1.0, "alvap001": 3, "beltb001": 1, "abret001": 1.0, "frann001": 1.0, "saunm001": 1, "seagk001": 1.0, "smoaj001": 1, "marts002": 1, "mccua001": 3, "martr004": 1, "joneg002": 1.5, "descd001": 2.0, "craia001": 1, "adamm002": 3.0, "freed001": 2, "cruzt002": 1, "norrd001": 1, "donaj001": 1.0, "forsl001": 1.0, "venaw001": 2.0, "hilla001": 1.0, "pradm001": 1.0, "goldp001": 1, "eatoa002": 1, "parrg001": 1, "davik003": 2.0, "ludwr001": 1, "gindc001": 2.0, "ramih003": 2.0, "puigy001": 1.0, "sweer001": 1.0, "castw002": 2.0, "murpd004": 1, "jacke001": 1, "hannj001": 1, "dudal001": 1.0, "murpd006": 1.0, "walkn001": 2.0, "byrdm001": 1, "lamba001": 1, "mercj002": 1.0}