{"laroa001": 1.0, "espid001": 1, "barnd001": 1.1666666666666667, "lahab001": 2.5, "weekr001": 1, "gonza002": 1.0, "lucrj001": 2.0, "sotog001": 2, "kottg001": 1.0, "hollm001": 1.0, "freed001": 1, "hairj002": 1.0, "mathj002": 4.0, "rivej001": 1.0, "heywj001": 1.0, "stewi001": 2, "soria001": 2.5, "ruizc001": 1, "lunah001": 1, "casts001": 2.3333333333333335, "castw002": 4.0, "konep001": 1.0, "beckg001": 2.0, "vicid001": 1.0, "piera001": 1, "dunna001": 2, "flowt001": 1, "venaw001": 1, "headc001": 2, "cabre001": 1, "quenc001": 3.0, "denoc001": 1.0, "boesb001": 1.0, "jacka001": 1.0, "saltj001": 1.0, "valbl001": 2.0, "ortid001": 1.0, "davii001": 2, "murpd006": 2.0, "hairs001": 1, "clevs001": 1, "rizza001": 7.0, "younc004": 1.0, "hilla001": 1, "infao001": 1.0, "lee-c001": 1, "bakej001": 1, "ramih003": 1, "reyej001": 1.0, "moliy001": 1, "berkl001": 1, "carpm002": 1, "craia001": 1, "beltc001": 2.0, "walkn001": 1.0, "marts002": 1, "mckem001": 1, "cozaz001": 1.0, "frazt001": 1, "ludwr001": 2.0, "brucj001": 1.0, "barnb002": 1, "wallb001": 1.0, "martf002": 2.0, "moors001": 2.0, "dejed001": 2.0, "nelsc001": 1.0, "gonzc001": 1, "jackb002": 3.0, "rutlj001": 1, "browa003": 1, "ramia001": 2.0, "gomec002": 1, "braur002": 2, "hartc001": 1, "bianj001": 1.0, "woodt004": 1, "ransc001": 1, "mccua001": 2.0, "barmc001": 1, "barar001": 1.0, "alvap001": 2, "kozmp001": 1.0, "castj006": 1.0, "maxwj002": 1}