{"robeb003": 1.0, "avila001": 2.0, "lee-d002": 3.0, "cabrm001": 2, "martv001": 1, "guerv001": 1.4285714285714286, "jonea003": 3.1666666666666665, "markn001": 2.6666666666666665, "reynm001": 3.4, "belta001": 2.0, "napom001": 1, "cruzn002": 1, "kinsi001": 1, "wietm001": 4.333333333333333, "scotl001": 5.0, "cuddm001": 2.0, "thomj002": 1.0, "martr004": 2.0, "posaj001": 2, "rodra001": 2, "gardb001": 1, "granc001": 1.5, "youkk001": 1, "guyeb001": 1.0, "damoj001": 2.0, "longe001": 1.5, "uptob001": 1, "kenna001": 1.0, "hardj003": 2.5, "saunm001": 1.0, "teixm001": 1.0, "nunee002": 1, "espid001": 1.0, "bernr001": 1, "wertj001": 2, "ramow001": 1, "nix-l001": 1, "reimn001": 2.6666666666666665, "gorda001": 1.0, "cabrm002": 1.0, "arenj001": 1.0, "pattc001": 1.0, "escoy001": 1.0, "linda001": 2, "rosaa001": 1.0, "gomej001": 1, "vottj001": 2, "roles001": 1, "stubd001": 1, "philb001": 1, "hernr002": 1, "rasmc001": 1.0, "hollm001": 1, "berkl001": 2.0, "jay-j001": 1, "cabra002": 2.0, "santc002": 2, "sizeg001": 1, "hafnt001": 1.0, "andir001": 2, "saltj001": 1.0, "reddj001": 1, "ellsj001": 1.5, "wellv001": 1.5, "troum001": 1, "huntt001": 1, "lawrb002": 3.0, "piera001": 1.0, "beckg001": 1, "quenc001": 1.0, "moreb001": 1, "ramia003": 1.0, "betew001": 1, "davib005": 1, "santr002": 1, "swisn001": 3.0, "canor001": 1, "jonea002": 1, "johnk003": 2.0, "molij001": 1, "encae001": 1, "bautj002": 1, "davic003": 1, "congh001": 1, "aybae001": 2.0, "lowrj001": 1, "lavar001": 2, "scutm001": 1, "pedrd001": 1}