{"freef001": 1.6, "uggld001": 2.6666666666666665, "utlec001": 1, "uptoj001": 1.625, "gatte001": 2.0, "heywj001": 2.5, "hairs001": 1, "valbl001": 1, "rizza001": 1, "uptob001": 7.0, "franj005": 2.0, "getzc001": 1, "simma001": 2.5, "hudst001": 1, "desmi001": 2.0, "buckj001": 1.0, "dudal001": 2, "byrdm001": 1, "wrigd002": 2.0, "vanss001": 2.0, "willj004": 1, "mccab002": 1.5, "penar002": 1.0, "hicka001": 1, "arcio001": 1, "johnr008": 1, "sancg001": 1.0, "alvap001": 1, "lairg001": 1, "blang001": 1.0, "recka001": 1.0, "johnc003": 1.3333333333333333, "browa003": 2.0, "polla001": 1, "montm001": 1, "morrl001": 1.0, "ruggj001": 2.0, "ozunm001": 1.0, "brucj001": 1.0, "choos001": 1, "moliy001": 1.0, "rosaw001": 1.0, "arenn001": 2, "aschc001": 1.0, "browd004": 1, "ruf-d001": 1, "zimmr001": 1, "laroa001": 1, "avilm001": 1.0, "chisl001": 1, "stanm004": 1, "mathj001": 1.0, "headc001": 3.0, "medit001": 1, "gomec002": 1.0, "lucrj001": 1, "ramia001": 1, "bianj001": 1.0, "krate001": 1, "gonza003": 1.0, "ramih003": 1.0}