{"yound003": 2, "mathj001": 2.0, "matsh001": 1.25, "morak001": 7.0, "mauej001": 1.0, "mornj001": 2.0, "hardj003": 2, "huntt001": 1.3333333333333333, "harrb001": 1.0, "thomj002": 1, "pennc001": 1, "rivej001": 4.0, "kouzk001": 2.0, "abreb001": 1.5714285714285714, "rosaa001": 1, "kelld001": 1, "cabrm001": 1, "swisn001": 1.0, "posaj001": 1.0, "canor001": 1, "aybae001": 1.5, "keara001": 2.0, "woodb003": 2, "napom001": 1.8571428571428572, "aybaw001": 1, "longe001": 1.0, "patte001": 1.0, "bautj002": 1.0, "hilla001": 1, "reedj004": 1, "lopej003": 1.0, "alfoe002": 1, "kendh001": 4, "braur002": 1.0, "mcgec001": 1, "fielp001": 1.0, "wilsb002": 3, "gomec002": 1, "kempm001": 1.0, "iannc001": 1.0, "barmc001": 1, "stewi001": 1.0, "kinsi001": 1.0, "guerv001": 4.0, "mcanp001": 1, "smoaj001": 2.0, "bardj001": 1, "ortid001": 2, "belta001": 1.0, "hallb001": 1, "youkk001": 1, "scutm001": 1, "cruzn002": 1, "betay001": 2.0, "lewif001": 1, "linda001": 1.0, "uptob001": 1.0, "joycm001": 1, "jasoj001": 1.0, "bellj004": 1.0, "hafnt001": 1, "marsl001": 1, "bourp001": 1, "marta004": 1, "suzui001": 1, "davic003": 1.0, "konep001": 1.0, "castr002": 1.0, "hermj001": 1.0}