{"hafnt001": 1.0, "canor001": 3, "avilm001": 3.0, "suzui001": 1.0, "youkk001": 1, "cabra002": 4.0, "overl001": 1, "boesb001": 1, "swisn001": 1.8333333333333333, "reynm001": 8.0, "gomey001": 6.0, "deaza001": 4, "bourm001": 1.0, "konep001": 1, "giamj001": 2.5, "saltj001": 1.0, "santc002": 2.4, "yound003": 2.0, "chisl001": 4.0, "rabur001": 2.6666666666666665, "branm003": 2.25, "utlec001": 1, "stubd001": 2.0, "plout001": 1.0, "parmc001": 3, "kipnj001": 1.75, "hicka001": 1, "cespy001": 1, "donaj001": 1, "morak001": 1.0, "ibanr001": 2, "ryanb002": 1, "smoaj001": 2, "seagk001": 1, "chave002": 1, "dirka001": 1.0, "cabrm001": 2.5, "vottj001": 1.0, "paulx001": 1, "joycm001": 1.0, "lonej001": 2, "escoy001": 1.0, "longe001": 1, "zimmr001": 1.0, "wertj001": 1, "desmi001": 1, "tracc001": 1, "renda001": 1, "dozib001": 2.0, "mauej001": 1.0, "arcio001": 1, "fielp001": 1, "huntt001": 2, "tuiam001": 1.0, "cruzn002": 1, "avila001": 1.0, "kelld001": 1.0, "jacka001": 1, "hamij003": 1.0, "mclon001": 1.0, "wietm001": 1, "jonea003": 1.0, "machm001": 1, "turnj001": 1.0, "gorda001": 2.0, "escoa003": 1.0, "lairb001": 1.0, "cartc002": 2.0, "vicid001": 1, "garca003": 1.0}