{"buckj001": 2.3333333333333335, "morrl001": 2.4, "wrigd002": 2.0, "harrw001": 1.0, "davii001": 1, "zimmr001": 1, "wertj001": 1.0, "laroa001": 1, "alvap001": 1.0, "couss001": 1, "hayeb001": 3.0, "stanm004": 2.2857142857142856, "coghc001": 2.0, "sancg001": 2.75, "barar001": 1.0, "ethia001": 1, "rollj001": 2.0, "howar001": 1.0, "ramih003": 1.25, "victs001": 1, "johnr008": 1, "byrdm001": 2.0, "infao001": 2, "fielp001": 1.5, "braur002": 1, "morgn001": 1.0, "weekr001": 1.0, "wilsj003": 1, "gonza002": 1.0, "montm001": 1, "nadyx001": 1, "rober002": 1.0, "drews001": 1, "dukez001": 1.0, "iztum001": 1.0, "abreb001": 1, "olivm001": 1.0, "peguc001": 1.0, "ibanr001": 1, "maybj001": 1.5, "camem001": 1.5, "pench001": 1, "venaw001": 1.0, "dudal001": 1, "reyej001": 1, "hollm001": 1.0, "pujoa001": 1.5, "peteb001": 2, "dobbg001": 2, "pradm001": 1.0, "sandp001": 1.0, "keppj001": 1.0, "rossc001": 1, "schin001": 1, "beltb001": 2, "alony001": 1.0, "bonie001": 1, "brucj001": 1, "vottj001": 1.0, "lopej003": 3.0, "frazt001": 1, "bay-j001": 1, "heywj001": 1, "uggld001": 1, "freef001": 1, "morsm001": 2.0}