{"tulot001": 1.0, "giamj001": 1.0, "tabaj002": 3, "doumr001": 2.0, "smits002": 1, "lopej003": 1.0, "fielp001": 1.0, "wertj001": 1.0, "morsm001": 1.0, "laroa001": 1, "joneg002": 2.6666666666666665, "walkn001": 2.0, "overl001": 3.0, "johnc003": 1.0, "kempm001": 1.0, "mccua001": 2.5, "santr002": 1.0, "peraj001": 1.0, "hinse001": 1.0, "pears001": 1, "conrb001": 1, "woodb003": 1.25, "johnk003": 1.0, "miraj001": 1, "younc004": 2.0, "reyej001": 2.0, "hairs001": 1.0, "hardj003": 1.0, "jonea003": 1, "gonza003": 1.0, "reddj001": 1, "ellsj001": 1, "barmc001": 2, "ramia001": 2.0, "mckem001": 1, "pujoa001": 1.5, "freed001": 1, "moliy001": 2, "berkl001": 1.0, "rasmc001": 1.0, "lee-d002": 1.3333333333333333, "colvt001": 1, "sotog001": 2.0, "soria001": 2, "byrdm001": 1, "casts001": 1.0, "penac001": 1, "dewib001": 1, "headc001": 1, "blank002": 2.0, "cunna001": 1, "guzmj005": 1, "paulx001": 1.0, "craia001": 2.0, "vottj001": 2.0, "hanir001": 1, "philb001": 1, "ludwr001": 1.0, "braur002": 1, "hartc001": 1.0, "mcgec001": 1.0, "harrj002": 1, "presa001": 1.0, "lee-c001": 1.0, "downm001": 1, "infao001": 2.0, "morrl001": 1}