{"hannj001": 3.0, "bautj002": 1, "arenj001": 1, "kipnj001": 1.25, "johnk003": 1, "cabra002": 1.25, "santc002": 7.0, "deaza001": 2.0, "piera001": 2, "lopej003": 2.0, "hafnt001": 2.6666666666666665, "duncs001": 2.0, "butlb003": 1.5, "hosme001": 2.0, "gorda001": 2, "huntt001": 1.0, "choos001": 1.3333333333333333, "belta001": 3.0, "dunna001": 1.0, "ackld001": 1.0, "avila001": 1.0, "chisl001": 2.0, "penab002": 1, "mousm001": 1.0, "plout001": 1.0, "mauej001": 1, "alvap001": 4, "kotcc001": 2.0, "mcgec001": 1, "presa001": 2, "vottj001": 1.0, "brucj001": 1, "damoj001": 1.0, "kendh001": 1.0, "troum001": 1, "pujoa001": 1, "branm003": 1.5, "zobrb001": 1.0, "scotl001": 2.0, "uptob001": 1, "rhymw001": 1, "flahr001": 2, "thomj002": 2, "hardj003": 1.0, "betew001": 1, "cabrm001": 1.0, "yound003": 1.0, "willj004": 2.0, "mornj001": 2, "doumr001": 1, "casia001": 1.0, "donaj002": 1.0, "gonza003": 2.0, "rossc001": 1, "lillb001": 1.0, "swisn001": 1, "granc001": 1.0, "reddj001": 2.0, "mossb001": 1.0, "cartc002": 1, "donaj001": 2, "crisc001": 1, "pennc001": 1, "murpd005": 2.0, "profj001": 1.0, "hamij003": 1, "franj004": 1.0, "vicid001": 3.0, "johnd004": 3.0, "konep001": 1}