{"markn001": 4.5, "willj004": 1, "jonea003": 2.5, "wietm001": 2.2, "hardj003": 15.0, "jonea002": 1, "jeted001": 2.0, "granc001": 1.3333333333333333, "swisn001": 1, "thame001": 1.0, "betew001": 3.5, "davic003": 3.142857142857143, "sogae001": 1.0, "reddj001": 1, "gomej001": 1.0, "smits002": 1.0, "snydb003": 1.0, "andir001": 4.0, "younm003": 1, "hamij003": 3.0, "belta001": 1, "flahr001": 3.0, "murpd005": 1, "johnn001": 4.0, "guyeb001": 1.0, "hallb001": 1, "johne002": 2, "zobrb001": 1, "teixm001": 1, "ortid001": 1, "tolls001": 1.0, "youkk001": 2, "navad002": 2, "shopk001": 1, "podss001": 1, "franj004": 2, "butlb003": 4.0, "fontm001": 1.0, "victs001": 1, "rollj001": 1.0, "thomj002": 2, "lunah001": 1, "reynm001": 2.2, "mcgec001": 1, "walkn001": 1, "pears001": 3.0, "barar001": 1, "laroa001": 1.0, "pujoa001": 1.0, "bourp001": 1, "trumm001": 1, "hestj001": 1, "huntt001": 1.0, "damoj001": 1.0, "choos001": 2.0, "cabra002": 2.0, "averx001": 1, "duncs001": 2.0, "cunna001": 1, "cabrm001": 2.0, "peraj001": 1, "teagt001": 2.0, "jacka001": 1.0, "conrb001": 1, "jennd002": 1.0, "rober002": 2.0, "lobaj001": 1, "cartc002": 2.0, "hickb002": 1, "cespy001": 1.0, "quino001": 3.0, "seagk001": 2.0, "olivm001": 1, "gorda001": 1.5, "peres002": 2.0, "machm001": 7.0, "mousm001": 1, "mathj001": 1, "encae001": 1.0, "fordl001": 1.5, "mclon001": 4.0, "martr004": 1.0, "rodra001": 2, "uptob001": 1.0, "sierm001": 1, "arenj001": 1, "saltj001": 1, "rossc001": 1}