{"nadyx001": 1.0, "bakej001": 1.5, "ramia001": 4.666666666666667, "braur002": 2, "sotog001": 4.0, "lee-d002": 1.4, "mcgec001": 2.0, "byrdm001": 6.0, "towlj001": 1.0, "kenna001": 1.0, "dunna001": 1, "laroa001": 2.0, "snydc002": 2, "johnk003": 1, "fukuk001": 1.3333333333333333, "soria001": 2.75, "reynm001": 2.0, "uptoj001": 1, "ryalr001": 1, "paulr001": 1.0, "rossc001": 2.0, "sancg001": 1, "joneg002": 2.0, "mccua001": 1, "clemj001": 1.0, "heltt001": 1.0, "blakc001": 1, "colvt001": 1.5, "ludwr001": 1, "pujoa001": 1.6666666666666667, "freed001": 1, "piera001": 1, "quenc001": 1, "riosa002": 1, "ellim001": 1, "huntt001": 2, "kendh001": 2.0, "doumr001": 1, "philb001": 2.0, "vottj001": 2, "stubd001": 4.0, "janip001": 1, "gomej001": 1, "millc001": 1, "howar001": 4.0, "victs001": 1.0, "dobbg001": 1, "franb001": 1, "castj006": 1.0, "johnc003": 3.0, "felip001": 1.0, "casts001": 1, "lopef001": 1, "dewib001": 3.0, "hanir001": 1.0, "gonza003": 1.0, "infao001": 1.5, "heywj001": 2, "zambc001": 1.0, "hillk002": 1, "walkn001": 2.0, "wrigd002": 1, "hernl004": 1, "davii001": 2.0, "tejar001": 1, "wallb001": 1.0, "pench001": 1.0, "poseb001": 2.0, "uribj002": 2.0, "craia001": 1.0}