{"pedrd001": 2.6, "rodra001": 1, "martr004": 2.0, "granc001": 1, "canor001": 1, "damoj001": 1.0, "fulds001": 1, "ellsj001": 2.5, "mcdod002": 1.0, "youkk001": 4.0, "lowrj001": 1.0, "escoy001": 1, "camem001": 2.0, "ortid001": 2.1666666666666665, "wellv001": 2.0, "trumm001": 1.0, "gonza003": 2.5, "scutm001": 3, "plout001": 1.0, "drewj001": 2.0, "valed001": 1.0, "reynm001": 1.5, "boesb001": 1, "cabrm001": 1, "saltj001": 2.0, "konep001": 2, "varij001": 2.5, "lillb001": 1.0, "crawc002": 1.3333333333333333, "kouzk001": 1, "weekr001": 1.0, "hartc001": 1, "kottg001": 1, "morgn001": 1, "fielp001": 1, "hudso001": 1.0, "venaw001": 1.0, "hilla001": 1.0, "bautj002": 2, "reddj001": 2.0, "lee-d002": 2.0, "carpm001": 2.0, "olivm001": 1.0, "ryanb002": 1, "gorda001": 1.0, "butlb003": 3.0, "hosme001": 1.0, "cabra002": 2, "hafnt001": 1, "kipnj001": 1.5, "chisl001": 1, "santc002": 1, "teixm001": 1, "nunee002": 1.0, "gardb001": 1, "jennd002": 1, "uptob001": 2.0, "longe001": 1.5, "sizes001": 1.0, "willj004": 1, "alleb001": 1.0, "cervf001": 1, "kinsi001": 2.0, "murpd005": 1, "andre001": 1, "germe001": 1, "napom001": 1.0, "arenj001": 1.0, "kotcc001": 1, "avilm001": 2.0, "zobrb001": 1.0, "andir001": 1, "reimn001": 1, "hardj003": 1, "jackc002": 1}