{"willj004": 1.0, "utlec001": 2.5, "victs001": 4.0, "dunna001": 1, "zimmr001": 1, "polap001": 1.3333333333333333, "uggld001": 1.5, "paulr001": 1.0, "wertj001": 2.7142857142857144, "wrigd002": 1.0, "franj004": 2.0, "barar001": 3, "howar001": 7.5, "stavn001": 1.0, "ruizc001": 2.0, "ibanr001": 2.25, "yound004": 1.0, "rollj001": 4, "lee-d002": 1, "fukuk001": 1, "martv001": 1.0, "youkk001": 1.0, "gloar001": 2.5, "gonza003": 1.5, "hundn001": 1, "hairs001": 1, "sancg001": 2.0, "ramih003": 2, "puntn001": 1, "valdw001": 2.0, "mornj001": 2, "thomj002": 1, "mauej001": 1, "buted001": 1, "spand001": 1.0, "branr001": 1.0, "choos001": 2.0, "schnb001": 2, "donaj002": 1.0, "sardd001": 1, "jonec004": 1.0, "dobbg001": 2, "pradm001": 3.0, "hinse001": 1, "diazm003": 1, "vottj001": 1.0, "gomej001": 1.0, "ransc001": 2, "stewi001": 1.0, "franb001": 1.0, "spilr001": 1, "smits002": 1.0, "reynm001": 1.0, "montm001": 1, "hessm001": 1.0, "gibbj002": 1, "browd004": 2, "blakc001": 1, "kempm001": 1.0, "burrp001": 2.0, "guilj001": 1, "torra001": 1.0, "sandp001": 1.0, "bernr001": 1.0, "lee-c001": 1.0, "pench001": 1.0, "bourm001": 1, "fielp001": 1.0, "escoa003": 1, "hartc001": 2, "tracc001": 1.0, "stanm004": 3.0, "maybc001": 1, "harrw001": 1.0, "morsm001": 1, "espid001": 1, "freef001": 1, "pagaa001": 1, "beltc001": 2, "philb001": 1.0, "brucj001": 1, "rossc001": 1.5, "uribj002": 1.0}