{"weekr001": 1.0, "gomec002": 3.0, "stubd001": 4.5, "braur002": 5, "vottj001": 2.6, "hernr002": 6.0, "roles001": 1.5, "almoe001": 1, "gomej001": 7.0, "philb001": 3.5, "hanir001": 4, "joneg002": 2.0, "walkn001": 1, "brucj001": 4.0, "mccua001": 2.0, "tabaj002": 1, "cairm001": 2.6666666666666665, "heisc001": 3.6666666666666665, "rober002": 2.0, "johnk003": 2.0, "younc004": 1, "drews001": 1, "buckj001": 2.0, "hermj001": 1, "ramih003": 1.0, "dobbg001": 1, "stanm004": 1, "bonie001": 1, "johnc003": 2.0, "wallb001": 1, "lewif001": 2.0, "jay-j001": 1, "berkl001": 1.0, "moliy001": 1, "penac001": 1.0, "alvap001": 1.0, "doumr001": 1, "wilsj003": 1, "hartc001": 2.0, "lucrj001": 1, "kempm001": 3.0, "billc001": 1, "ramia001": 2, "linda001": 1, "molij001": 1.0, "hilla001": 1.0, "posaj001": 1.0, "swisn001": 1, "sizeg001": 1.0, "cabra002": 1, "santc002": 1, "branm003": 1.0, "duncs001": 1.0, "rente001": 2.0, "pujoa001": 2.0, "cozaz001": 2.0, "heywj001": 1, "mccab002": 2, "pradm001": 1, "uggld001": 1, "dudal001": 1, "wrigd002": 1, "sandp001": 1.0, "frazt001": 2.0, "smits002": 3.0, "heltt001": 1, "gonzc001": 1, "tulot001": 2.0, "hundn001": 1.0, "blank002": 1, "ramow001": 1.0, "wertj001": 1, "morsm001": 1, "alony001": 2.0, "victs001": 1.0, "howar001": 1.5, "pench001": 2.0, "ibanr001": 1, "martm003": 1, "franj005": 1.0, "bakej001": 1, "casts001": 1, "mesod001": 2.0, "byrdm001": 1, "fielp001": 2.0, "kotsm001": 1, "kottg001": 1, "betay001": 1, "downm001": 1, "martj006": 1}