{"castw002": 1.0, "rizza001": 1.4444444444444444, "dejed001": 1.3333333333333333, "casts001": 4.5, "navad001": 4.5, "schin001": 2.75, "gonza005": 1, "pench001": 1, "belta001": 1.0, "soria001": 3.6666666666666665, "kinsi001": 1, "cruzn002": 1, "hairs001": 1.6, "ransc001": 6.0, "alony001": 1.0, "valbl001": 4.0, "quenc001": 1, "hundn001": 1, "gyorj001": 1.0, "headc001": 1, "choos001": 1.0, "craia001": 1.0, "rutlj001": 1, "youne003": 1.0, "gonzc001": 2, "barnd001": 4.0, "samaj001": 1, "brigr001": 1, "wrigd002": 1.0, "murpd006": 2, "ankir001": 1, "woodt004": 1.0, "sweer001": 3.0, "lagaj001": 1, "parrg001": 1.0, "goldp001": 1, "alvap001": 1.0, "martr004": 1, "philb001": 1.0, "frazt001": 1.5, "vottj001": 1, "paulx001": 1, "cozaz001": 1, "cartc002": 1, "martj006": 1, "marts002": 2, "pujoa001": 2, "hamij003": 2.0, "trumm001": 1, "harrb001": 1, "moliy001": 2.0, "seguj002": 1.0, "betay001": 1, "davik003": 1, "franj005": 1.0, "lakej001": 1.3333333333333333, "puigy001": 1, "murpd004": 7, "jay-j001": 1.0, "ramow001": 1, "bogub001": 2.0, "wertj001": 1, "zimmr001": 1.0, "lombs002": 1, "frank001": 2.0, "ruf-d001": 1.0, "yelic001": 1.0, "alvah001": 1, "morrl001": 1.0, "hecha001": 1, "ramia001": 1, "genns001": 1, "johnc003": 1.0, "freef001": 2.0, "simma001": 2, "walkn001": 1.0, "mercj002": 1.0, "mcdod002": 1.0}