{"younc004": 5.0, "goldp001": 2.5, "cabrm002": 2.0, "hilla001": 1.5555555555555556, "sandp001": 1, "pillb001": 2.0, "poseb001": 2.0, "rober002": 4.0, "overl001": 2, "parrg001": 5.0, "joneg002": 1.0, "mcdoj003": 2.0, "alvap001": 1.0, "freef001": 2.0, "mccab002": 1.0, "kubej002": 3.0, "uggld001": 1, "franj005": 1, "uptoj001": 1.5714285714285714, "victs001": 2, "ruizc001": 1, "pench001": 1.0, "nix-l001": 1, "ransc001": 3.0, "furcr001": 1.0, "beltc001": 3.0, "hollm001": 1, "craia001": 2.0, "freed001": 1, "polla001": 2.0, "tream001": 1.0, "ethia001": 1, "lonej001": 1, "bellj004": 1.0, "ellia001": 2, "weekr001": 1.0, "braur002": 1, "hartc001": 1, "rosaw001": 3.0, "smits002": 1, "montm001": 4.0, "smoaj001": 1.0, "seagk001": 2, "ryanb002": 1, "gutif001": 1, "sotog001": 1.0, "mahop002": 1, "soria001": 2.0, "amara001": 1.0, "maybc001": 1, "grany001": 2, "alony001": 2.0, "guzmj005": 2.0, "vanss001": 1.0, "herre001": 1, "kenna001": 1.0, "hairj002": 1.0, "corpc001": 1, "moors001": 1, "maxwj002": 1.0, "rutlj001": 1, "gonzc001": 1, "cuddm001": 2.0, "davii001": 2.0, "wrigd002": 1, "zimmr001": 1.0, "morsm001": 1, "stanm004": 2, "ruggj001": 2, "buckj001": 1, "denoc001": 1.0, "headc001": 1.0, "quenc001": 1, "arrob001": 1, "heisc001": 2.0, "navad001": 1, "philb001": 1, "eatoa002": 1, "sappd001": 1, "dejed001": 1.0}