{"barmc001": 2.0, "iannc001": 2.3333333333333335, "hawpb001": 2.0, "olivm001": 1.6666666666666667, "smits002": 3.0, "wrigd002": 2, "franj004": 1.0, "spilr001": 3.0, "uggld001": 1.0, "carrb001": 1, "laroa001": 1.0, "gonzc001": 2.6, "younc004": 1.0, "fowld001": 5, "johnk003": 1, "ruizc001": 1.0, "gloar001": 1, "zimmr001": 2.0, "giamj001": 2.0, "dunna001": 2, "tulot001": 3.75, "reynm001": 1, "kempm001": 1.5, "ramim002": 1, "lee-c001": 1.0, "quinh001": 1.0, "hilla001": 1, "hartc001": 1, "mcdod002": 1, "stewi001": 3.0, "pedrd001": 3.0, "belta001": 1, "poseb001": 1, "huffa001": 4.0, "ishit001": 1.0, "schin001": 1, "torra001": 3, "lopef001": 1.0, "hollm001": 3.0, "jay-j001": 1, "gonza003": 3.0, "moram002": 2.0, "eldrb001": 1, "cabre001": 1.0, "walkn001": 2, "joneg002": 2.0, "lee-d002": 1, "soria001": 1.0, "burrp001": 1.0, "sancf001": 1.5, "heltt001": 1.3333333333333333, "pradm001": 1, "ankir001": 1, "gonza002": 1, "infao001": 1, "blakc001": 3, "barar001": 1, "howar001": 1, "wertj001": 1, "utlec001": 1, "gomej001": 1, "stubd001": 1.0, "tejam001": 1.0, "salao001": 1, "staim001": 1.0, "torry001": 1.0, "rossc001": 2, "lonej001": 1}