{"schnb001": 1.0, "ruizc001": 1, "victs001": 1.0, "heywj001": 1.25, "mccab002": 1.6666666666666667, "morrl001": 1.0, "jonec004": 1.7142857142857142, "sancg001": 1, "uggld001": 2.0, "gonza002": 1.75, "freef001": 3.0, "mclon001": 4.0, "rossd001": 2.0, "fielp001": 1.0, "hinse001": 1.5, "pradm001": 4.5, "nix-l001": 2.0, "wertj001": 3, "espid001": 3.0, "rodri001": 1, "howar001": 1.0, "maybj001": 1.0, "downm001": 1.0, "wallb001": 1.0, "hernr002": 1.0, "brucj001": 1.0, "philk001": 1.0, "pagaa001": 1.0, "hairs001": 1, "conrb001": 2, "hamij003": 1, "hudst001": 1.0, "bautj002": 1, "reynm001": 3.0, "markn001": 1, "britz001": 1.0, "ramow001": 1, "mckem001": 1.0, "joneg002": 1.0, "mccua001": 1.0, "bonie001": 1.0, "consj001": 1, "casts001": 1, "penac001": 1.0, "schin001": 1, "fontm001": 1, "rossc001": 1.0, "bourm001": 1.0, "morsm001": 2.0, "zimmr001": 1, "lowed001": 1, "ellia001": 1.0, "kempm001": 1.0, "dobbg001": 1.0, "wrigd002": 2.0, "dudal001": 1, "rollj001": 2, "utlec001": 1.0, "pench001": 1}