{"hafnt001": 1.0, "ordom001": 1.75, "valbl001": 1.0, "peraj001": 2, "choos001": 3.0, "guilj001": 3.0, "guilc001": 4, "dejed001": 1.0, "thomj002": 1.0, "hughl001": 1, "ingeb001": 2.0, "huntt001": 1.0, "lairg001": 2.0, "sizes001": 1, "boesb001": 3.5, "damoj001": 2.3333333333333335, "teixm001": 1.0, "cabrm001": 3.4, "pedrd001": 1.0, "ortid001": 2, "hallb001": 2.0, "santr002": 3.0, "powel001": 1, "ellim001": 1.0, "bartd001": 1, "branr001": 1.0, "joneg002": 1.0, "avila001": 4, "morsm001": 1.0, "rabur001": 1.6666666666666667, "dunna001": 1.0, "bernr001": 1, "montm001": 2, "reynm001": 1.0, "gutif001": 1.0, "kotcc001": 1, "fox-j001": 1.0, "markn001": 1.0, "wortd001": 2.0, "cuddm001": 1, "kinsi001": 2.0, "cruzn002": 1, "murpd005": 1.0, "hamij003": 1, "buckj001": 1.0, "molij001": 1.0, "wellv001": 1, "overl001": 1, "bautj002": 1.0, "wised001": 1, "pierj002": 1.0, "riosa002": 2.0, "vicid001": 1, "konep001": 2.0, "quenc001": 1.0, "kelld001": 1.3333333333333333, "kotsm001": 1, "aybae001": 1.0, "joycm001": 1.0, "kaaik001": 2.0, "bloow001": 1, "vizqo001": 1.0, "betay001": 1.0, "rhymw001": 1, "butlb003": 1.0, "wellc001": 1, "valed001": 2.0, "kubej002": 1, "yound003": 1.0}