{"konep001": 2.888888888888889, "riosa002": 2.5, "quenc001": 3.1666666666666665, "kubej002": 3.0, "kotsm001": 2.0, "beckg001": 3.5, "crawc002": 1.0, "jonea002": 4.0, "rodrs002": 1.0, "teahm001": 2.0, "lopej003": 1, "gutif001": 1.0, "ramia003": 2.2, "podss001": 1, "guilj001": 2.0, "piera001": 3.5, "avilm001": 1, "buckj001": 3.0, "gonza002": 2, "wellv001": 1.0, "lewif001": 1, "huntt001": 1.0, "rivej001": 1.0, "rossc001": 2.0, "paulr001": 1, "uggld001": 1, "cantj001": 1, "smoaj001": 1, "tream001": 1.0, "keara001": 1, "marsl001": 1, "boesb001": 2.0, "guilc001": 2.0, "castr002": 3.0, "cabrm001": 2, "lillb001": 1, "vizqo001": 1.0, "pradm001": 1.0, "mccab002": 1, "ramia001": 1.0, "colvt001": 1.0, "soria001": 1, "vicid001": 4.0, "betay001": 1, "figgc001": 1.0, "kouzk001": 1.0, "thomj002": 1.0, "hardj003": 1, "mauej001": 2.0, "cuddm001": 1, "hudso001": 1.0, "rabur001": 2.0, "ingeb001": 1, "avila001": 1, "peraj001": 2, "scotl001": 1.0, "robeb003": 1, "swisn001": 1.0, "nunee002": 1, "thamm001": 3.0, "moreb001": 3.0, "butlb003": 1.0, "penab002": 1, "yound003": 2.0, "ramim002": 1.0, "jacka001": 1, "sizes001": 1.0, "wellc001": 1, "drewj001": 1.0, "ortid001": 1, "lowem001": 1, "martv001": 1.0, "choos001": 1.0, "carll001": 1, "suttd002": 1}