{"posaj001": 1.0, "granc001": 2.0, "pedrd001": 4.0, "martv001": 1.4285714285714286, "canor001": 2.0, "varij001": 1.3333333333333333, "burrp001": 1, "scutm001": 6.0, "longe001": 2, "youkk001": 2.6666666666666665, "penac001": 1.0, "uptob001": 2.0, "hermj001": 4.0, "mcdod002": 2.5, "lowem001": 1.0, "drewj001": 2.25, "hamij003": 1, "ortid001": 1.3636363636363635, "jonea003": 2, "wiggt001": 2.0, "tejam001": 1.0, "hallb001": 4.0, "belta001": 3.25, "woodb003": 1, "napom001": 2.0, "swisn001": 1.5, "teixm001": 3, "rodra001": 1, "bautj002": 2.0, "snidt001": 1.0, "betay001": 1, "maiem001": 1, "bartd001": 1.0, "suzuk001": 1.5, "kouzk001": 2, "custj001": 1, "navad002": 1, "ibanr001": 1, "uptoj001": 1, "andeg001": 1, "ramim002": 1, "aybaw001": 1, "bartj001": 2.0, "markn001": 1, "fox-j001": 1, "molib001": 2.0, "camem001": 1.0, "peraj001": 2.0, "cabrm001": 1.0, "marsl001": 1, "nix-j001": 1.0, "marta004": 1, "choos001": 1.0, "kalir001": 2, "calla001": 1, "matsh001": 1, "overl001": 1.5, "mcdoj003": 1, "lowrj001": 3, "branr001": 1.0, "kotcc001": 1, "zobrb001": 1.0, "johnd004": 1, "reddj001": 1, "lopef001": 1.0}