{"beckg001": 2.3333333333333335, "teahm001": 3.0, "damoj001": 1, "ramia003": 1.4, "johnd004": 1, "lopef001": 1.0, "konep001": 1.9, "lillb001": 2.6666666666666665, "suzuk001": 1, "kouzk001": 1, "matsh001": 2.0, "dunna001": 1.6, "kendh001": 1.0, "quenc001": 2.3333333333333335, "congh001": 1, "trumm001": 1.0, "piera001": 2.5, "scotl001": 2.0, "wietm001": 1, "andir001": 1.0, "riosa002": 2.3333333333333335, "reynm001": 1, "lee-d002": 1, "kubej002": 1.0, "moreb001": 3.0, "lapom001": 2, "kempm001": 1.0, "mitcr001": 1, "sandj002": 1, "wellc001": 1, "pierj002": 2.0, "boesb001": 1.0, "cabrm001": 3, "rabur001": 3.0, "olivm001": 1, "castr002": 2.0, "sizes001": 1, "casts001": 1, "penac001": 3.0, "morsm001": 1.0, "nix-l001": 1, "espid001": 1.0, "franj004": 2.0, "hosme001": 1.5, "hughl001": 2, "deaza001": 2.0, "jacka001": 1, "saltj001": 1.0, "gonza003": 1, "youkk001": 1, "varij001": 1.0, "martr004": 2.0, "teixm001": 2, "canor001": 1.0, "chave001": 1, "butlb003": 1.0, "cabrm002": 1, "flowt001": 1.5, "hafnt001": 1, "morem001": 2.0, "hamij003": 1, "kinsi001": 2.0, "repkj001": 1, "chisl001": 2.0, "duncs001": 1.0, "valbl001": 1.0, "peraj001": 1.0, "martv001": 1.0, "guilc001": 1.0, "avila001": 1, "peres002": 1, "escoa003": 1, "mccom001": 1}