{"brucj001": 1.6153846153846154, "vottj001": 1.6666666666666667, "infao001": 1, "ramih003": 1, "buckj001": 1, "cozaz001": 3.0, "hollm001": 1.0, "freed001": 2, "moliy001": 2.0, "beltc001": 1.0, "jay-j001": 1.0, "philb001": 3.75, "ludwr001": 6.0, "poseb001": 2.0, "pagaa001": 1.5, "roles001": 6.0, "mesod001": 4, "lowrj001": 1, "downm001": 1, "lahab001": 2.0, "stewi001": 1, "casts001": 1.0, "sotog001": 1, "bernr001": 1.0, "espid001": 2, "ramow001": 1.0, "stubd001": 3.0, "franj005": 2, "leakm001": 1, "bourm001": 1.5, "uggld001": 1.0, "frazt001": 5.0, "heltt001": 1.0, "heisc001": 1.3333333333333333, "tulot001": 1, "gonzc001": 2, "cuddm001": 1, "fowld001": 1, "walkn001": 1.0, "mcgec001": 1, "presa001": 2.0, "mccua001": 3.0, "boesb001": 1, "yound003": 1, "santr002": 1.0, "fielp001": 1, "jacka001": 1, "lopej003": 1, "choos001": 2.0, "doumr001": 1, "plout001": 1.0, "willj004": 1, "aokin001": 1.0, "weekr001": 1.0, "ransc001": 1, "montm001": 1.0, "kubej002": 2.0, "hilla001": 1.0, "blanh001": 1, "quenc001": 1, "maybc001": 2, "headc001": 1.0, "rodre003": 1, "latom001": 1, "mckem001": 1.0, "harrj002": 1, "davii001": 1.0, "bay-j001": 1, "valbl001": 1.0, "soria001": 1.0, "paulx001": 1, "cairm001": 1, "jackb002": 1.0, "dejed001": 1, "craia001": 1.0, "rollj001": 1, "maybj001": 1, "krate001": 1.0, "utlec001": 1, "maxwj002": 1.0, "domim001": 2.0, "greet004": 1, "sancg001": 1, "gonza003": 2.0, "phipd001": 1, "ramia001": 1.0, "braur002": 1, "lucrj001": 1, "gomec002": 1.0, "blang001": 1, "sandp001": 1}