{"davic003": 3.111111111111111, "parmc001": 1.0, "hardj003": 1.8333333333333333, "jennd002": 1.0, "wietm001": 4.333333333333333, "johnk003": 4.0, "longe001": 3.0, "duncs001": 1, "jonea003": 2.8333333333333335, "reimn001": 3.0, "molij001": 1, "pears001": 3, "lonej001": 1, "ethia001": 1.0, "machm001": 5.0, "encae001": 2.0, "arenj001": 1.0, "davir003": 1, "bautj002": 1, "gorda001": 1.5, "mousm001": 2, "hosme001": 1, "quenc001": 1.0, "flahr001": 3.0, "blank002": 1, "amara001": 1, "dickc001": 4.0, "joycm001": 3, "scotl001": 1.0, "canor001": 3.0, "adamd001": 2, "overl001": 2, "hafnt001": 1, "mclon001": 3.5, "markn001": 3.0, "granc001": 3.0, "zimmr001": 3.0, "bernr001": 1, "cabrm001": 2.0, "garca003": 1, "martv001": 1, "peraj001": 1, "avila001": 1, "fielp001": 2.0, "troum001": 1.0, "hamij003": 1, "congh001": 1.0, "pujoa001": 1, "valed001": 1.3333333333333333, "ortid001": 3.0, "carpm001": 2.0, "gomej001": 2, "middw001": 1, "branm003": 1, "kipnj001": 1.0, "casia001": 1, "chisl001": 1.0, "avilm001": 1, "belta001": 2.0, "robeb003": 3.0, "kinsi001": 1, "drews001": 2.0, "victs001": 1, "grosr001": 1.0, "castj006": 1, "domim001": 1, "wallb001": 1.0, "kraum001": 1, "saunm001": 3.0, "quinh001": 1, "morak001": 1, "morsm001": 1, "smoaj001": 1.0, "blanh001": 1, "culbc001": 1, "rosaw001": 1, "blacc001": 1, "heltt001": 1, "bourj001": 1.0, "rodrs002": 1, "crisc001": 2.0, "mossb001": 1, "donaj001": 1, "vicid001": 1.0, "gillc001": 1, "dunna001": 1, "rodra001": 2.0, "soria001": 2, "reynm001": 2.0, "schoj001": 1, "navad002": 1.0, "ellsj001": 1.0, "berrq001": 1}