{"rizza001": 2.0, "schin001": 1.0, "philb001": 3.0, "mccua001": 1.2857142857142858, "cozaz001": 1.0, "mckem001": 2.0, "marts002": 1.6666666666666667, "vottj001": 2, "walkn001": 2.6666666666666665, "uptob001": 1.0, "martr004": 4.0, "johnc003": 1, "alvap001": 1.7, "uptoj001": 1, "gatte001": 1, "sancg001": 1.0, "mercj002": 1, "barmc001": 1, "espid001": 1, "moort002": 1, "joneg002": 2.0, "montj003": 1.0, "seguj002": 1.0, "weekr001": 1.0, "snidt001": 1.3333333333333333, "domim001": 1, "cabrm001": 1, "brucj001": 1.0, "presa001": 2.0, "pench001": 1.0, "browd004": 1, "mossb001": 1, "nieuk001": 1, "tulot001": 1.0, "tabaj002": 1.0, "harrj002": 1.0, "yelic001": 1.0, "pradm001": 1.0, "goldp001": 1, "ramia001": 1.0, "byrdm001": 1.5, "bogub001": 1.0, "sanct001": 1.0, "castw002": 1, "gyorj001": 1.0, "frazt001": 2.0, "choos001": 1, "beltc001": 1.0, "hollm001": 1.0}