{"rosaw001": 2.0, "fowld001": 3.5, "cuddm001": 1.8333333333333333, "wrigd002": 2.0, "gonzc001": 2.4, "rutlj001": 2.5, "tulot001": 2.3333333333333335, "chave001": 1, "gregd001": 1.0, "uptoj001": 2.0, "uggld001": 1, "gatte001": 1, "franj005": 1.0, "uptob001": 1, "jennd002": 1, "johnk003": 1, "arenn001": 5.0, "wellv001": 1.0, "heltt001": 1.5714285714285714, "canor001": 1.0, "pachj001": 1.0, "poseb001": 3.0, "penac001": 1, "cartc002": 1.0, "domim001": 1, "fedet001": 1.0, "blank002": 1.0, "quenc001": 1, "gyorj001": 3, "hundn001": 2.0, "maybc001": 1, "kotsm001": 1, "colvt001": 1.5, "zimmr001": 1.0, "maybj001": 1, "byrdm001": 1.0, "pench001": 2.0, "gonza003": 3.0, "puigy001": 1, "uribj002": 1, "ramih003": 1, "kempm001": 2.0, "soria001": 1.0, "valbl001": 1.0, "rizza001": 1.0, "lucae001": 1.0, "stanm004": 1, "solad001": 1.0, "gomec002": 1.0, "lucrj001": 1, "aokin001": 1, "dickc002": 4, "betay001": 1, "alvap001": 1.0, "lemad001": 1.0, "deckj001": 1, "blacc001": 3.0, "sandp001": 1, "ludwr001": 1, "philb001": 1.0, "choos001": 1, "ethia001": 1.0, "hollm001": 1.0, "polla001": 1.0, "chacj001": 1, "goldp001": 1, "davim005": 1.0, "saltj001": 1, "victs001": 1, "middw001": 2}