{"flowt001": 2.3333333333333335, "dunna001": 2.1, "vicid001": 5.0, "ramia003": 5, "gutif001": 1.0, "deaza001": 1.3333333333333333, "riosa002": 2.3333333333333335, "saunm001": 1, "morsm001": 1.0, "morak001": 1, "gillc001": 8.0, "lobaj001": 1.0, "joycm001": 2.0, "longe001": 1, "gimeh001": 1, "greet004": 1, "zobrb001": 1.0, "jennd002": 1, "konep001": 3.0, "harrb001": 1, "troum001": 1.0, "saltj001": 1, "keppj001": 3.0, "dietd001": 1.0, "borbj001": 1.0, "cespy001": 2.0, "reddj001": 1, "rosaa001": 2, "donaj001": 1, "crisc001": 1.0, "bautj002": 3.0, "rasmc001": 1, "encae001": 1, "browa003": 1, "rabur001": 2, "reynm001": 1.0, "swisn001": 4.0, "cabra002": 2.0, "kipnj001": 1, "robeb003": 1.0, "davic003": 1.0, "beckg001": 3.0, "phegj001": 2.0, "soria001": 2.0, "simma001": 1.0, "mccab002": 1, "uggld001": 1.0, "freef001": 1, "huntt001": 3.0, "peraj001": 1.0, "fielp001": 1.0, "jacka001": 1, "martv001": 2.0, "penab002": 1, "lougd001": 2.0, "gorda001": 1, "nunee002": 1, "canor001": 1, "colac001": 1.0, "mornj001": 3, "arcio001": 3, "herrc001": 1.0, "tekob001": 1, "willj004": 1, "dankj002": 4.0, "dozib001": 1.0, "mauej001": 1, "cabrm001": 1.0, "bakej001": 1.0, "kinsi001": 1, "belta001": 1, "morem001": 1, "castj006": 1.0, "wallb001": 1, "cartc002": 3.0, "domim001": 1, "garca003": 2, "chisl001": 1, "carsm001": 1.0, "semim001": 1.0, "arenj001": 1, "mousm001": 1, "butlb003": 1, "peres002": 2.0, "hayeb001": 1}