{"browd004": 2.3333333333333335, "krate001": 5.0, "escoa003": 1, "butlb003": 1.0, "rollj001": 4.0, "buckj001": 3.0, "howar001": 1.8, "younm003": 5.0, "maybj001": 1.4, "utlec001": 1.3333333333333333, "dudal001": 2, "nix-l001": 1, "beltc001": 1.0, "hollm001": 1, "carpm002": 1.0, "alvap001": 2.0, "martr004": 1, "sancg001": 1.0, "ruggj001": 3, "solad001": 1, "ozunm001": 1.0, "valac001": 1, "hecha001": 1.0, "frank001": 2.0, "avilm001": 1.0, "swisn001": 1, "kipnj001": 1, "brucj001": 2.0, "vottj001": 2, "hanir001": 1.0, "galvf001": 4, "navad002": 1, "yound003": 3.0, "gomej001": 1, "ortid001": 1, "lucrj001": 3.0, "dietd001": 1.0, "tracc001": 1, "wertj001": 1.5, "kobej001": 1, "desmi001": 1, "valdj002": 1, "wrigd002": 1.0, "quinh001": 1.0, "uggld001": 2, "simma001": 1.0, "heywj001": 1, "johnc003": 2, "renda001": 1.0, "ramow001": 2.0, "zimmr001": 1.5, "ruf-d001": 2.75, "deaza001": 1.0, "ruizc001": 4.0, "pillb001": 1, "crawb001": 1, "mccab002": 1, "uptoj001": 1, "murpd004": 3.0, "rizza001": 1, "schin001": 1, "aschc001": 4.0, "mcdoj003": 1, "ramih003": 1.0, "uribj002": 1.0, "ethia001": 1.0, "tulot001": 2.0, "rosaw001": 3.0, "pradm001": 1.0, "bernr001": 1, "polla001": 1, "browc003": 1, "gatte001": 2.0, "medit001": 1.0, "gyorj001": 1, "venaw001": 1.0, "stanm004": 1.0, "lucae001": 1, "murpd006": 1}