{"youkk001": 1.0, "fielp001": 2.6, "avila001": 1.75, "wellv001": 1.0, "nix-j001": 1.0, "cabrm001": 2.4285714285714284, "rasmc001": 1, "gorda001": 2.0, "tuiam001": 1.6666666666666667, "peraj001": 2.6666666666666665, "infao001": 2.3333333333333335, "uptoj001": 1, "jacka001": 1.5, "willj004": 3.0, "dirka001": 5.0, "parmc001": 1.0, "penab002": 1.0, "martv001": 2.6666666666666665, "corpc001": 1.0, "garca003": 2.0, "martj006": 1, "kelld001": 2.0, "mauej001": 1.0, "huntt001": 1.3333333333333333, "walkn001": 1.0, "giamj001": 1, "stubd001": 1, "rabur001": 1.0, "davic003": 3.0, "hardj003": 1.0, "jonea003": 1, "teagt001": 1, "ortid001": 1.0, "victs001": 1.0, "troum001": 1, "aybae001": 1, "vicid001": 2, "dunna001": 2.0, "gillc001": 1, "beckg001": 1, "phegj001": 1, "deaza001": 1, "piera001": 1.0, "morem001": 1.0, "belta001": 1, "iglej001": 1, "konep001": 1, "hosme001": 1.0, "santr002": 1, "peres002": 1.0, "butlb003": 1, "mornj001": 1.0, "florp001": 1, "holab001": 1.0, "doumr001": 1, "crisc001": 1, "mossb001": 5.0, "smits002": 2, "lowrj001": 1.0, "gomey001": 1, "santc002": 1, "avilm001": 1.0, "almoa001": 1.0, "ibanr001": 1, "smoaj001": 1.0, "gutif001": 1, "ackld001": 1, "reddj001": 1.0, "napom001": 1.0}