{"joneg002": 1.8333333333333333, "doumr001": 3.5, "martr004": 1, "bellr002": 1.0, "ceder002": 1.3333333333333333, "brucj001": 2.0, "hartc001": 1.0, "braur002": 3.0, "weekr001": 3, "geruj001": 1, "fielp001": 1.0, "kottg001": 2.0, "edmoj001": 2, "laroa002": 1.0, "soria001": 1, "sotog001": 1, "churr001": 4.0, "heisc001": 1.0, "vottj001": 1.0, "stubd001": 1, "mcgec001": 1.0, "heywj001": 1.0, "mccab002": 1, "cabrm002": 1.0, "hinse001": 2.0, "nadyx001": 1.0, "walkn001": 1.6666666666666667, "white004": 1.0, "uribj002": 1, "huffa001": 1, "mccua001": 2.0, "yound004": 4.0, "tabaj002": 1.5, "branr001": 1.0, "santc002": 1.0, "valdw001": 1.0, "alvap001": 4.0, "rollj001": 1, "franb001": 1, "sardd001": 1.0, "keppj001": 1.0, "pench001": 1.0, "gonza003": 1, "denoc001": 1, "janip001": 1, "clemj001": 1, "gonzc001": 1.0, "snydc002": 1.0, "stewi001": 1, "heltt001": 1, "uggld001": 1.0, "sancg001": 1.0, "cartc001": 1, "wrigd002": 1.0, "milll002": 1.0, "pujoa001": 1.5, "hollm001": 1.0, "lopef001": 1.0, "espid001": 1.0, "rodri001": 1.0, "dunna001": 1.0, "bowkj001": 2.0, "johnk003": 1, "rober002": 1}