{"montm001": 2.0, "hollm001": 1, "kozmp001": 1, "jay-j001": 1, "parrg001": 1.5, "goldp001": 1.8888888888888888, "pradm001": 2.3333333333333335, "moliy001": 1, "joneg002": 1.0, "kubej002": 3.0, "polla001": 1.5, "gonza003": 3.0, "chave001": 1.3333333333333333, "rosaw001": 2, "beltb001": 3.0, "wilsj003": 1.0, "sandp001": 1, "pagaa001": 1.0, "pennc001": 1, "pench001": 3.0, "rollj001": 1.0, "johnc003": 1, "uptoj001": 1, "mccab002": 1, "cabre001": 2.0, "quenc001": 1, "rossc001": 1.3333333333333333, "gregd001": 3.0, "poseb001": 1.0, "scutm001": 1.0, "stanm004": 2, "ruggj001": 1, "brucj001": 3.0, "vottj001": 1, "choos001": 1.0, "philb001": 1, "gonzc001": 1, "herrj002": 1.0, "hilla001": 1.4, "ramih003": 3.0, "ellia001": 2, "lucrj001": 2.0, "gomec002": 1, "schal001": 1.0, "navad001": 1.0, "lakej001": 2, "schin001": 2.0, "denoc001": 1, "headc001": 1, "casha001": 1, "longe001": 1.0, "johnk003": 1, "lagaj001": 1.0, "browa003": 1, "florw001": 1, "wietm001": 1, "davic003": 2.0, "nievw001": 1, "eatoa002": 2, "hardj003": 1, "machm001": 1.0, "venaw001": 1.0, "guzmj005": 1, "blang001": 1.0, "encae001": 2.0, "davir003": 1.0, "linda001": 1, "sierm001": 1, "culbc001": 1, "davim005": 1, "uribj002": 1.0, "puigy001": 1, "fedet001": 1, "wertj001": 1.0, "ramow001": 1, "tracc001": 1.0}