{"uptoj001": 2.2222222222222223, "johnk003": 5.0, "younc004": 3.2, "vottj001": 1, "rober002": 1.1111111111111112, "gomej001": 1, "berkl001": 1.3333333333333333, "jay-j001": 1, "freed001": 1, "rasmc001": 1, "miraj001": 3.0, "schus001": 1, "branr001": 1, "sandp001": 2.0, "poseb001": 2.0, "huffa001": 1.0, "parrg001": 1.5, "franb001": 1, "victs001": 1.0, "rollj001": 1, "howar001": 1, "drews001": 3.0, "hillk002": 1, "montm001": 2.0, "soria001": 3.0, "sotog001": 1, "blanh001": 3.0, "gonzc001": 1, "enrib001": 1.0, "iannc001": 1, "ludwr001": 2, "cuddm001": 1.0, "plout001": 1, "valed001": 2.0, "kubej002": 1, "yound003": 1, "sancg001": 2, "morrl001": 1, "stanm004": 1.0, "buckj001": 1, "ramow001": 1.0, "morsm001": 1, "bloow001": 1.0, "konep001": 1.0, "riosa002": 2, "cabra002": 1.0, "cabro001": 2.0, "santc002": 1, "penaw001": 1, "rivej001": 1.0, "kempm001": 2.0, "nadyx001": 1, "alleb001": 2, "hudsd001": 1, "hartc001": 1.0, "braur002": 2.0, "betay001": 2, "weekr001": 1, "blumg001": 1.0, "tulot001": 1.0, "barar001": 1.0, "lonej001": 2.0, "ransc001": 1, "martj006": 1.0, "bogub001": 1, "parej002": 1, "goldp001": 1.5, "dudal001": 1.0, "hudso001": 1.0, "cowgc001": 1, "hilla001": 2, "fowld001": 2, "darnj001": 1.0, "overl001": 1, "hundn001": 1.0, "alvap001": 1.0, "lee-d002": 2, "torra001": 1.0, "beltc001": 1, "gillc002": 1, "gomec002": 1}