{"zobrb001": 1.0, "scotl001": 2.0, "saltj001": 2.0, "pedrd001": 3.0, "ortid001": 3.25, "avilm001": 3.5, "rossc001": 1.8571428571428572, "napom001": 3, "younm003": 1, "hamij003": 2, "belta001": 2.0, "cruzn002": 2, "gonza003": 2.6666666666666665, "youkk001": 1.5, "swisn001": 1.5, "chave001": 3, "rodra001": 1, "martr004": 1, "teixm001": 3.0, "mcdod002": 1, "reddj001": 1, "reynm001": 1.5, "jonea003": 3.0, "hardj003": 2.0, "andir001": 1, "middw001": 3.0, "hannj001": 1.0, "kipnj001": 1, "navad002": 1.0, "shopk001": 3, "joycm001": 1.0, "johne002": 1, "penac001": 2.0, "rodrs002": 1, "yound003": 3.0, "lairg001": 1, "peraj001": 2.0, "fielp001": 2, "harpb003": 1.0, "laroa001": 1.0, "morrl001": 2.0, "buckj001": 1, "stanm004": 1.0, "heywj001": 1, "rasmc001": 2.0, "arenj001": 3, "bautj002": 2.0, "encae001": 3.0, "jonea002": 4.0, "nix-j001": 1, "lawrb002": 1.0, "davir003": 1, "snidt001": 1, "ellsj001": 1.5, "jacka001": 1.0, "cabrm001": 1.0, "crawc002": 2.0, "dozib001": 1.0, "cirip001": 2, "mauej001": 1, "willj004": 1, "doumr001": 1, "morem001": 1, "sotog001": 1, "trumm001": 1.0, "kendh001": 1.0, "wellv001": 1, "morak001": 1, "hosme001": 1.0, "gomem001": 2.0, "cainl001": 1.0, "sierm001": 1, "escoy001": 1.0, "gosea001": 1, "granc001": 2.0, "canor001": 1, "valed001": 1, "keppj001": 1.0, "franb001": 1}