{"infao001": 2.0, "keara001": 1, "ruizc001": 4.0, "victs001": 1.0, "wiggt001": 2.5, "bay-j001": 1.0, "galvf001": 3, "hairs001": 2, "wrigd002": 1.0, "dudal001": 2.0, "davii001": 1.0, "mathj002": 1.0, "lahab001": 1.0, "valdj002": 1.0, "pench001": 2.3333333333333335, "torra001": 1, "maybj001": 1.75, "alony001": 1, "rollj001": 1.5714285714285714, "gonzm002": 1.0, "polap001": 2.0, "schnb001": 1.0, "downm001": 1, "avilm001": 1.0, "rossc001": 1, "gonza003": 1, "middw001": 1, "saltj001": 2, "ortid001": 1, "desmi001": 1.5, "ankir001": 1, "krate001": 6.0, "laroa001": 1, "morrl001": 1, "ruggj001": 1, "ramih003": 3, "zambc001": 1.0, "rosaw001": 2.0, "martm003": 1, "cuddm001": 1, "nelsc001": 3.0, "pierj002": 1, "thomj002": 1, "penac001": 1, "tabaj002": 1.0, "mckem001": 2, "utlec001": 2.6666666666666665, "mcgec001": 2.0, "mccua001": 1, "alvap001": 1, "mccab002": 1.5, "pridj001": 1.0, "uggld001": 1, "crawb001": 1.0, "howar001": 2.5, "cainm001": 1, "poseb001": 1, "hamec001": 1, "cabrm002": 1, "schin001": 2.0, "gomec002": 2, "braur002": 2.0, "greiz001": 1, "ramia001": 1, "weekr001": 1.0, "uptoj001": 1.0, "kubej002": 1, "johnc003": 1.0, "drews001": 1, "goldp001": 1, "heywj001": 1, "bourm001": 1, "beltc001": 1.0, "hollm001": 1.0, "frazt001": 1.0, "cozaz001": 1, "browd004": 1.5, "brucj001": 1, "moort002": 1.0, "nix-l001": 1, "baxtm001": 2.0, "shopk001": 1, "stanm004": 1.0, "frank001": 1.0, "freef001": 1.0, "rossd001": 1.0, "ruf-d001": 1.0, "harpb003": 1.0, "suzuk001": 1, "morsm001": 2}