{"sancg001": 2.3333333333333335, "kempm001": 1, "cantj001": 1.3333333333333333, "roles001": 2.0, "cabro001": 1, "gomej001": 1.0, "hanir001": 1, "rossc001": 5.0, "carrb001": 1.0, "janip001": 1, "maybc001": 1.6666666666666667, "ramih003": 1.3333333333333333, "uggld001": 2.8, "torry001": 1, "zimmr001": 3.0, "rowaa001": 2.0, "schin001": 1.0, "coghc001": 2.5, "wrigd002": 2.0, "hartc001": 2.0, "fielp001": 2, "gally001": 1.0, "kottg001": 1, "borbj001": 1.0, "hamij003": 1, "guerv001": 1.0, "stanm004": 1.4, "crawc002": 1.0, "helmw001": 1, "venaw001": 1.0, "bay-j001": 2.0, "stewi001": 2.0, "herrj002": 1, "murpd004": 2, "moram002": 1.0, "smits002": 1, "pradm001": 2.0, "mccab002": 1, "conrb001": 1, "hinse001": 1.0, "franb001": 1.0, "ruizc001": 3.0, "pujoa001": 1.0, "lunah001": 2, "pench001": 1, "hayeb001": 1, "dunna001": 1, "davib004": 2.0, "nievw001": 1, "wertj001": 1.0, "utlec001": 2.0, "morrl001": 1, "dobbg001": 1, "castw002": 1, "dudal001": 1.0, "beltc001": 1.0, "ceder002": 2, "alvap001": 2.0, "snydc002": 1}