{"choos001": 2.0, "cruzn002": 2.0, "younm003": 1.0, "konep001": 2.0, "valbl001": 1, "cabra002": 2.0, "mornj001": 2.0, "spand001": 1.0, "peraj001": 3.0, "hudso001": 1.0, "thomj002": 3.0, "yound003": 1, "bautj002": 1.0, "snidt001": 1, "buckj001": 1, "hafnt001": 1.4285714285714286, "linda001": 1, "calla001": 1.0, "guilj001": 1, "nix-l001": 2.0, "gomej001": 1, "philb001": 1, "roles001": 2.0, "riosa002": 1.5, "donaj002": 1.0, "kotsm001": 1.0, "keara001": 2.0, "duncs001": 1.8, "belta001": 1.0, "santc002": 1.0, "zimmr001": 1, "branr001": 2.0, "dunna001": 1, "bernr001": 1, "davii001": 1, "lapom001": 1.2857142857142858, "nix-j001": 2.3333333333333335, "rosaa001": 1.0, "marta004": 1.0, "crowt001": 1.0, "zobrb001": 1, "penac001": 1, "brigr001": 1.0, "swisn001": 1, "granc001": 1, "canor001": 1.0, "kubej002": 1.0, "plout001": 1, "pie-f001": 1.0, "pattc001": 1, "wietm001": 1, "scotl001": 1, "branm003": 2, "robeb003": 1.0, "bardj001": 1, "kotcc001": 1, "larij001": 1.0, "crisc001": 1, "custj001": 1, "betew001": 3.0, "gimec001": 1, "maiem001": 1, "lillb001": 1, "piera001": 1, "ramia003": 1, "matsh001": 1.0, "napom001": 1, "avilm001": 1.0, "kaaik001": 1, "carll001": 1, "rabur001": 1.0}