{"rabur001": 2.6666666666666665, "peraj001": 2.0, "avila001": 1.8333333333333333, "cabrm001": 2.2857142857142856, "ingeb001": 1.3333333333333333, "quenc001": 3.0, "konep001": 1, "olivm001": 1.3333333333333333, "smoaj001": 2.0, "rodrl002": 1, "teixm001": 1.0, "ordom001": 1.5, "boesb001": 1.8, "jacka001": 1.6666666666666667, "dirka001": 6.0, "joycm001": 1.0, "ellsj001": 2.0, "crawc002": 1, "camem001": 1.0, "pedrd001": 1, "ortid001": 1, "martv001": 3.5, "mornj001": 2.0, "buted001": 1, "peguc001": 1, "wellc001": 1.0, "penaw001": 1, "linda001": 1.0, "tholj001": 1.0, "bay-j001": 1, "beltc001": 2, "murpd006": 1.0, "sandp001": 1.0, "crawb001": 1, "tejam001": 1, "guilc001": 2, "matsh001": 1.0, "trumm001": 1.0, "betew001": 2.0, "iztum001": 1.0, "cruzn002": 3, "napom001": 2, "yound003": 2.5, "thomj002": 3.0, "santr002": 1.5, "tosor001": 1, "choos001": 1, "santc002": 1, "gorda001": 1.0, "peres002": 1, "escoa003": 1, "hosme001": 3.0, "franj004": 1.0, "flowt001": 1, "ramia003": 1.0, "deaza001": 1, "moreb001": 1, "mauej001": 1, "hardj003": 1.0, "jonea003": 1, "anglm001": 1.0, "reynm001": 1, "kelld001": 1, "reimn001": 1}