{"lee-c001": 2.5, "bogub001": 4, "tulot001": 1, "schaj002": 4.0, "martj006": 5.0, "cuddm001": 1, "rosaw001": 1.0, "maxwj002": 2.0, "jonec004": 1.0, "pastt001": 1, "heywj001": 1, "kempm001": 2.0, "lonej001": 1.0, "downm001": 1.5, "lowrj001": 2.25, "snydc002": 3.0, "johnc003": 1.6, "altuj001": 1.3333333333333333, "craia001": 2.0, "greet004": 2.0, "stanm004": 1.0, "buckj001": 2, "ramih003": 1, "infao001": 1.0, "hartc001": 1.0, "belta001": 1.0, "murpd005": 1.0, "castj006": 3.0, "soria001": 2.0, "johnr008": 1.0, "brucj001": 3.0, "vottj001": 1.0, "frazt001": 1, "stubd001": 2, "ludwr001": 1, "cozaz001": 1.0, "adamm002": 1, "furcr001": 1, "descd001": 1.0, "beltc001": 1, "robis001": 1, "freed001": 2, "bixlb001": 1.0, "butlb003": 1.0, "cabra002": 1.0, "guzmj005": 1, "venaw001": 1.0, "headc001": 1.0, "amara001": 1, "aokin001": 1.0, "braur002": 1, "moors001": 1.3333333333333333, "weekr001": 2.0, "marts002": 1.0, "joneg002": 3.0, "barmc001": 1, "corpc001": 3.0, "presa001": 2.0, "franb001": 2.0, "mckem001": 1, "walkn001": 1, "gonzm002": 1.0, "espid001": 1, "gonzg003": 1.0, "morsm001": 2.0, "hilla001": 3.0, "wheer001": 1, "younc004": 1, "pagaa001": 1.0, "martf002": 2, "pench001": 1.0, "ariaj001": 1, "domim001": 2.0, "rollj001": 1.0, "browd004": 1, "wallb001": 1, "sancg001": 1.0, "kozmp001": 1.0, "moliy001": 1}