{"dunna001": 1.0, "quenc001": 2.0, "hannj001": 3.5, "santc002": 2.3333333333333335, "hafnt001": 1.8, "cabro001": 1.5, "choos001": 1.75, "cabra002": 2.6, "gonza003": 1, "lapom001": 2.0, "fox-j001": 1.0, "scotl001": 1, "sizeg001": 3.0, "cabrm002": 2, "franj004": 1.0, "avilm001": 1, "duncs001": 2.0, "cabrm001": 1.0, "rabur001": 1, "branm003": 4, "joycm001": 2, "longe001": 1, "zobrb001": 1.0, "peguc001": 1, "smoaj001": 1, "buckt001": 2.0, "vottj001": 1.0, "brucj001": 1, "crawc002": 2, "varij001": 1.0, "pedrd001": 1.0, "ortid001": 1, "saltj001": 1, "hamij003": 1.0, "cruzn002": 2, "morem001": 1.0, "andre001": 1, "phelc001": 1, "giamj001": 1, "smits002": 2.0, "wiggt001": 2.0, "keara001": 1.0, "granc001": 3.0, "chisl001": 2.0, "bautj002": 1.5, "snidt001": 1.0, "thame001": 1.0, "abreb001": 1.0, "butlb003": 2.0, "gorda001": 3, "kipnj001": 3.0, "suzui001": 1.0, "fukuk001": 1.6666666666666667, "carpm001": 2, "seagk001": 1, "penaw001": 1.0, "hosme001": 1.0, "thomj002": 2.0, "suzuk001": 1, "martv001": 2.0, "lidda001": 1, "ramia003": 1, "riosa002": 1, "moreb001": 1, "parmc001": 1.0, "plout001": 1, "tosor001": 1}