{"volqe001": 2.25, "gally001": 2.0, "loe-k001": 2, "axfoj001": 1, "marcs001": 2.0, "woodt004": 2.6666666666666665, "arrob001": 2.4545454545454546, "wolfr001": 2, "kintb001": 1, "stetm001": 1, "myerb001": 1.0, "mortc002": 1, "mcdoj004": 1.5, "crotm001": 1, "beimj001": 1, "karsj001": 2, "veraj001": 1, "corrk001": 1.0, "lecus001": 7.0, "galaa002": 1, "leakm001": 1.375, "hudsd001": 1, "cordf002": 2.0, "vazqj001": 2, "nolar001": 2, "massn001": 4, "smitj003": 2, "figun001": 1, "mcclk001": 3.0, "cuetj001": 3, "carpc002": 1, "boggm001": 1, "bailh001": 2.0, "matem001": 1, "hanrj001": 1, "narvc001": 1.0, "reinc001": 2.0, "kersc001": 1.0, "ondrl001": 3, "billc001": 1, "garzm001": 1.0, "samaj001": 1, "grabj002": 1.0, "reyej003": 2.0, "villc001": 1, "gordb001": 3.0, "noesh001": 1, "mastj001": 1, "durbc001": 1, "sippt001": 1, "talbm001": 1, "judyj001": 1, "westj001": 2.0, "chapa001": 1, "salaf001": 1, "lynnl001": 1, "jurrj001": 3.0, "beacb001": 2.0, "willd003": 1.6666666666666667, "lines001": 1, "niesj001": 1.0, "pelfm001": 1.0, "arrej001": 2, "acosm001": 1.0, "isrij001": 1, "zitob001": 1.0, "motag001": 1, "hammj002": 2.0, "brotr001": 1, "brayb001": 2, "millk004": 3.0, "spenj001": 1, "staut001": 5.0, "bassa001": 1, "thatj001": 1, "leblw001": 1.0, "zimmj003": 2.0, "stord001": 1, "balec001": 1, "burtj001": 1, "worlv001": 1, "loper001": 4.0, "fishc001": 2, "dempr002": 1.0, "colec001": 1.0, "ortir002": 1, "wellr001": 2, "russj003": 1, "horsj001": 1, "malom001": 2.0, "happj001": 1.0, "norrb001": 1.0, "lopew001": 1, "rodrw002": 1.0}