{"hardr001": 1.0, "wrigj001": 1, "mastj001": 1.5, "huffd001": 2.6666666666666665, "harrm001": 1, "talbm001": 1.8, "buehm001": 2.0, "peavj001": 1.5, "floyg001": 1.0, "carmf001": 1.5714285714285714, "mansj001": 1, "westj001": 3.0, "morrb001": 1.0, "perec002": 1, "hochl001": 2.0, "ambrh001": 3.0, "arrob001": 2.0, "woodk002": 2.0, "cuetj001": 1, "bardd001": 1.0, "waket001": 1.0, "nelsj002": 1.0, "atill001": 3.0, "martj005": 2.0, "stras001": 1.0, "sippt001": 6.0, "santj003": 1.0, "rodrf003": 1, "niesj001": 1.0, "litsj001": 1.0, "camps002": 1, "marcs001": 2.0, "mortc003": 1.0, "schem001": 1.5, "thomb001": 1, "porcr001": 1.0, "oliva002": 1.0, "wheed001": 1.0, "pricd001": 1.0, "vazqj001": 1.0, "smitj002": 1.0, "guerm001": 1, "duenb001": 1.0, "herrf001": 2, "gabia001": 1, "tomlj001": 2.0, "vargj001": 1, "hernf002": 1.0, "whits002": 1, "seddc001": 1, "mazzv001": 1.0, "bullb001": 1.0, "texek001": 1, "hollg001": 1, "gomej002": 1.0, "chavj001": 1, "chenb001": 1.0, "germj001": 3.0, "perer002": 1, "jacke001": 1.0, "carrc003": 2.0, "pavac001": 1.0, "kazms001": 2.0, "woodb004": 1, "tejer001": 1, "galaa002": 3.0}