{"lee-c003": 2.6666666666666665, "norrb001": 2.0, "oswar001": 1.6666666666666667, "pelfm001": 1.0, "blanj001": 2, "boyeb001": 1, "byrdt001": 1.0, "sanca004": 1.0, "hallr001": 1.0, "hernd003": 4.0, "narvc001": 1, "kintb001": 1, "gee-d001": 2.0, "niesj001": 1.5, "hamec001": 1.75, "marqj001": 1.0, "baezd001": 2, "lannj001": 1.0, "cofft001": 1, "tehej001": 1.0, "stutm001": 5.0, "kendk001": 1.8, "wilsc004": 2.0, "lewic001": 1.0, "arrob001": 2.0, "malom001": 1, "woodt004": 1.0, "basta001": 2.0, "cordf002": 1, "bailh001": 1.0, "arrej001": 1, "kuroh001": 1.0, "wellr001": 1.0, "madsr001": 1, "zambc001": 2.0, "colec001": 1.0, "volsc001": 4.0, "mujie001": 1, "ville002": 1, "vazqj001": 1.0, "beckj002": 2.0, "lackj001": 1.0, "carpa001": 2, "jenkb001": 1, "beacb001": 1.0, "procs001": 2.0, "hanst001": 1.0, "latom001": 1.0, "qualc001": 3, "zitob001": 3.0, "worlv001": 5.0, "motag001": 1, "mortc002": 1.0, "grilj001": 1, "mcdoj004": 2.0, "karsj001": 1.0, "veraj001": 1, "collj001": 1.0, "saunj001": 1.0, "kenni001": 1.0, "igarr001": 1, "hensc002": 1.0, "dunnm002": 1, "lines001": 1.0, "hudst001": 1.0, "sanaa001": 1.0, "mcclk001": 1.0, "doteo001": 1, "schwm002": 1.0, "clipt001": 1, "sevea001": 1, "lohsk001": 2}