{"mcdoj004": 1.6, "worlv001": 1, "lynnl001": 1.0, "hughj001": 3, "corrk001": 1.2857142857142858, "watst001": 2, "belim001": 1, "nicaj001": 1.0, "chacj001": 2.0, "mortc002": 3.0, "resoc001": 3, "leakm001": 2.0, "burna001": 2.0, "jacke001": 2, "hanrj001": 3.0, "rodrh002": 1, "stamc001": 1.0, "happj001": 2.0, "santj003": 1.0, "garzm001": 3.0, "chenb001": 1.0, "diams001": 1.0, "cruzj005": 1, "mansj001": 3, "grilj001": 2.0, "hendl001": 1.0, "schem001": 1.0, "lincb001": 1, "verlj001": 1, "lylej001": 2.0, "harrl002": 1.0, "lyonb003": 1, "wrigw001": 1, "bedae001": 1.3333333333333333, "zitob001": 1, "lopej002": 1, "voger001": 1.0, "linct001": 2.0, "kontg001": 1, "nolar001": 2, "sanca004": 1.0, "mahop002": 2.0, "dempr002": 2, "karsj001": 1.0, "saitt001": 1, "kenni001": 2.0, "collj001": 1, "rodrw002": 1.5, "volqe001": 2, "ohler001": 1, "boxbb001": 1, "kersc001": 1.0, "blanj001": 3.0, "fierm001": 2.0, "westj001": 1.0, "dickb001": 1, "kellj001": 1.0, "lockj001": 3.0, "rusic001": 1.0, "mcphk001": 1.0, "axfoj001": 1, "loe-k001": 1, "broxj001": 1.0, "cuetj001": 1.0, "hanst001": 1.0}