{"hughp001": 1.0, "lackj001": 2.4, "buchc001": 1.0, "doubf001": 1, "aceva001": 3.0, "matsd001": 1.5, "peraj002": 1, "pricd001": 1.0, "cecib001": 1.5, "reyej003": 1.0, "litsj001": 1.0, "romer002": 1.3333333333333333, "perel001": 2, "doteo001": 1, "waket001": 2.0, "vargj001": 2.0, "rodrf005": 1.0, "wheed001": 2.0, "lestj001": 1.75, "hared001": 1, "takah001": 2, "bakes002": 2, "pavac001": 1, "verlj001": 2.0, "bardd001": 4, "mains001": 2.0, "zambc001": 1.0, "russj003": 1.0, "peavj001": 1.0, "humbp001": 1.0, "ohmaw001": 1, "floyg001": 1, "papej001": 2, "wuerm001": 1.0, "cahit001": 1.0, "andeb004": 2.0, "marcs001": 1.0, "estrm001": 1, "gally001": 2.0, "mitrs001": 1, "milla002": 1.3333333333333333, "arrij001": 2.0, "berkj001": 1, "violp001": 3, "britz001": 1.0, "beckj002": 1.5, "jakuc001": 1, "weilk001": 2.5, "atkim001": 3, "hernf002": 1.0, "moraf001": 4, "pinem001": 1, "collt001": 1, "chenb001": 3, "hollg001": 1, "tomlj001": 2.0, "albem001": 5, "perer002": 1, "smitj002": 1, "mastj001": 1.0, "colob001": 1.0, "sabac001": 1.0, "shiej002": 2.0, "niemj001": 2.0, "bedae001": 1, "gonzg003": 2, "moscg001": 1, "godfg001": 1.0, "logab001": 1, "ayall001": 1, "burna001": 1.0, "lewic001": 1.0, "tatey001": 1, "bowdm001": 2.0, "morrb001": 2, "ramoc001": 1.0, "guthj001": 1.0, "matub001": 1.0, "accaj001": 1, "bergb002": 1, "vandr001": 1.0}