{"robet001": 1.0, "tillc001": 2.1818181818181817, "hernp001": 1.0, "arrij001": 1.0, "carmf001": 3.0, "strop001": 3, "moorm003": 1, "gonzm003": 2.5, "pricd001": 1, "mcgej001": 1, "odayd001": 5, "gomeb001": 1, "hammj002": 2.0, "ryu-h001": 2, "beckj002": 2.0, "fifes001": 1.0, "stinj001": 4.0, "matub001": 1.0, "mendl001": 1.0, "garcf002": 2.25, "guthj001": 1, "mcfat001": 5, "casha001": 1, "marqj001": 2.0, "huntt002": 3, "hellj001": 3.0, "farnk001": 1, "jurrj001": 1, "johnj010": 3, "sabac001": 2.0, "pattt001": 2, "hughp001": 2.0, "nunov001": 1, "kuroh001": 2.5, "claip001": 1, "zimmj003": 3, "clipt001": 1, "schem001": 1, "valvj001": 2, "verlj001": 2.0, "gausk001": 4.0, "porcr001": 1, "weavj003": 1, "willj003": 2, "doubf001": 1.0, "dempr002": 1.0, "baila001": 1, "lestj001": 1.0, "jimeu001": 2.0, "mastj001": 2, "pheld001": 2.0, "novai001": 2.0, "holld003": 1.0, "britz001": 2.0, "perem004": 1, "lindj004": 1.0, "wolfr002": 2.0, "buehm001": 4.0, "redmt002": 4.0, "johnj009": 2.0, "lackj001": 3.0, "delaj002": 1, "felds001": 1.25, "valdl001": 1, "harrl002": 1.0, "rodrf003": 4, "norrb001": 2.5, "blact001": 1, "haraa001": 2, "maurb001": 1, "ramie004": 2, "saunj001": 1.0, "chenw001": 2.6666666666666665, "nicaj001": 1.0, "brotr001": 1, "chacj001": 1.0, "escae001": 1, "peraj002": 1, "wrigw001": 1.0, "strad003": 2, "parkj001": 1.0, "blevj001": 1.0, "neshp001": 2, "quinj001": 3.0, "dankj001": 3.0, "santh001": 1, "riena001": 1.0, "huffd001": 1, "robed002": 1, "rogee002": 2.0, "drabk001": 1, "romer002": 1, "buchc001": 2, "belfm001": 2}