{"fistd001": 1.2, "logab001": 1, "kells001": 2, "schem001": 1.5714285714285714, "verlj001": 1.6666666666666667, "morrb001": 2.0, "benoj001": 4.0, "downd001": 1.5, "varva001": 1.0, "medlk001": 2.0, "minom001": 2.0, "gearc001": 1, "pelfm001": 4.0, "worlv001": 3.0, "klubc001": 2.0, "hillr001": 1, "jimeu001": 1.0, "mcalz001": 1.0, "norrb001": 2.0, "ambrh001": 1.0, "keucd001": 1, "diams001": 1.0, "porcr001": 1.75, "dedus001": 1.0, "waltp001": 1, "ortej001": 1.0, "farnk001": 1.0, "wrigj001": 1, "carmf001": 1.0, "valvj001": 3, "putkl001": 2.0, "alvaj003": 2.0, "mastj001": 1, "arrij001": 1.0, "britz001": 1, "baila001": 1, "lestj001": 2, "websa001": 1, "moraf001": 1, "wilsc004": 1.0, "buckb002": 2.0, "quinj001": 2.0, "albua001": 2, "casts002": 1, "axeld001": 1.0, "rondb001": 2, "salec001": 2.0, "sanca004": 4.0, "cokep001": 1, "perem004": 3.0, "valdr002": 2.0, "garcl005": 1.0, "stras001": 1.0, "gonzg003": 2.0, "santh001": 1.0, "dankj001": 3.0, "smyld001": 3.0, "guthj001": 1.5, "crowa001": 2, "smitw002": 1, "chenb001": 1.0, "bondj001": 1, "albea001": 1.0, "roenj001": 1, "grifa002": 2.0, "dools001": 2, "strad003": 2.0, "blevj001": 1, "balfg001": 1, "kazms001": 1.0, "shawb001": 1, "veraj001": 1, "maurb001": 2.0, "paxtj001": 1.0, "purcd001": 1, "jonen001": 1.0, "johne003": 1.0}