{"hamec001": 3.0, "savej001": 2, "papej001": 5.0, "webbr001": 1.0, "buehm001": 1.5, "lee-c003": 2.3333333333333335, "dickr001": 1, "worlv001": 2.6666666666666665, "mahop002": 1.0, "bowdm001": 1.0, "kendk001": 1.7142857142857142, "qualc001": 3.0, "batim001": 1.0, "contj002": 1.0, "sancb001": 1, "richc002": 2.0, "suppj001": 1.0, "blanj001": 2.0, "carpd001": 1, "lylej001": 2.0, "myerb001": 1, "bardd001": 1, "moraf001": 1, "lestj001": 1, "hallr001": 1.5, "gorzt001": 2, "rodrh002": 1.0, "basta001": 3.0, "nolar001": 1.0, "kersc001": 1.0, "capuc001": 3.0, "outmj001": 1.0, "ottaa001": 1, "whita001": 1, "franj003": 1.0, "schwm002": 2, "shiej002": 2.0, "mcgej001": 1, "pricd001": 1.0, "karsj001": 1, "bedae001": 1.0, "cruzj005": 1, "mcdoj004": 2.0, "valdr002": 2, "burna001": 1, "grilj001": 1, "jurrj001": 1.0, "linct001": 1, "cainm001": 3.0, "zitob001": 2, "wolfr001": 2.0, "parrm001": 1, "kenni001": 1, "lindj004": 2, "saunj001": 1.0, "cahit001": 1, "sheeb001": 1.0, "minom001": 2.0, "hudst001": 2.0, "browb004": 1, "lynnl001": 1.0, "boggm001": 1, "leakm001": 2.0, "arrej001": 1, "arrob001": 1.0, "gonzg003": 1.0, "zimmj003": 1.0, "younc003": 2.0, "roseb003": 1, "cloyt001": 1.6666666666666667, "roenj001": 1, "leblw001": 1.0, "hatcc002": 1, "johnj009": 1.0, "hanst001": 3.0, "avill001": 1, "detwr001": 2.0, "stamc001": 1, "mattr001": 1}