{"porcr001": 1.0, "bergb002": 2.0, "verlj001": 1, "rupej001": 4, "pennb002": 2.0, "tillc001": 1.5, "lewic001": 2.0, "harrm001": 1.0, "arrij001": 1.8333333333333333, "jakuc001": 2.0, "guthj001": 1.75, "johnj010": 1, "lirif001": 2.0, "cappm001": 1, "nathj001": 1.0, "britz001": 1.1666666666666667, "blacn001": 2, "gonzm001": 3, "sabac001": 1, "berkj001": 7.0, "chamj002": 1, "beckj002": 2.0, "uehak001": 2, "lestj001": 1.0, "shiej002": 1, "daviw001": 2.5, "pinem001": 1, "pattt001": 2, "gregk001": 4.0, "lannj001": 1.0, "zimmj003": 1.0, "sorij001": 1, "tejer001": 1, "franj003": 2.0, "frasj002": 2, "romer002": 3.0, "simoa001": 3.3333333333333335, "raucj001": 1, "matub001": 2.5, "moscg001": 2.0, "wuerm001": 1, "outmj001": 1.0, "hellj001": 2.0, "pricd001": 2.0, "accaj001": 1, "ramoc001": 1, "volqe001": 1.0, "arrej001": 1, "arrob001": 4.0, "bailh001": 2.0, "chapa001": 1, "franr001": 1, "garcj004": 2, "tomlj001": 3.0, "carrc003": 1.0, "atkim001": 2.0, "gomej002": 3, "herrf001": 1, "waket001": 2, "aceva001": 3, "pinej001": 1, "chatt001": 2.0, "worrm001": 2, "cassb001": 1, "millb001": 1.0, "morrb001": 1, "craij001": 1, "reyej003": 2.5, "humbp001": 2.0, "buehm001": 1, "schem001": 2.0, "fistd001": 1.0, "burna001": 2.0, "huntt002": 5, "ayall001": 1, "hendm001": 1, "garcf002": 1, "robed002": 1, "cecib001": 1, "perel001": 2.0, "eyrew001": 1, "novai001": 1.0, "niemj001": 1.0, "howej003": 1, "moorm003": 1, "hared001": 1.0, "sante001": 2.0, "weavj003": 1, "bedae001": 1, "philz001": 1}