{"daviw001": 2.0, "valdr002": 2, "hamec001": 1.4545454545454546, "gutij002": 1, "hallr001": 1.25, "gee-d001": 3.0, "lee-c003": 2.2857142857142856, "hefnj001": 2.0, "kendk001": 2.2, "hawkl001": 1, "adamm001": 2.0, "boggm001": 1, "pettj001": 2.0, "rodrw002": 2.0, "basta001": 2, "sanaa001": 2.0, "nolar001": 4.0, "durbc001": 2, "horsj001": 3, "kazms001": 2.0, "cingt001": 1.0, "chapa001": 2, "lackj001": 3.0, "uehak001": 1, "moraf001": 1.0, "gally001": 3.0, "rodrf003": 1, "fierm001": 1.0, "koeht001": 2.0, "webbr001": 1, "cishs001": 1.0, "olmoe001": 1, "ramoa001": 1, "hared001": 1.0, "papej001": 3.0, "gonzg003": 2.0, "stutm001": 1, "torrc001": 1, "diekj001": 1.0, "mahop002": 2.0, "savej001": 1, "carpd001": 2, "medlk001": 2.0, "ramij002": 4, "dankj001": 1.0, "santh001": 1.0, "zitob001": 1.0, "moscg001": 1, "gaudc001": 1.0, "marte002": 2.3333333333333335, "beacb001": 1.0, "lannj001": 1, "jacke001": 1, "bowdm001": 2, "woodt004": 1.0, "defrj001": 1, "samaj001": 1.0, "sance001": 1, "garcl005": 2.0, "mansj001": 2.0, "cloyt001": 2.0, "nicaj001": 1.0, "belim001": 1, "milew001": 1.0, "delgr001": 2, "bellh001": 1, "corbp001": 1.0, "clipt001": 1, "minez001": 1.0, "minom001": 1, "garcf002": 1, "casha001": 1.0, "stule002": 2, "dysos001": 1.0, "hatcc002": 1, "flynb001": 1.0, "jimec002": 1}