{"beckj002": 5.0, "schld001": 2.0, "aceva001": 1, "melam001": 1, "moorm003": 1.0, "smyld001": 1.25, "wilka001": 1.0, "porcr001": 1.1428571428571428, "harrm001": 1, "uehak001": 1, "lewic001": 1, "vargj001": 2.0, "balec001": 2, "hernf002": 1, "noesh001": 1, "crowa001": 1.0, "peavj001": 1.5, "doteo001": 2, "thorm001": 1, "schem001": 2.0, "valvj001": 1, "axeld001": 2, "santh001": 1, "fistd001": 3.0, "waltp001": 3, "mortc002": 1.0, "burna001": 1, "corrk001": 1, "crosc001": 1.0, "sabac001": 3.0, "kuroh001": 1.0, "wadec001": 1, "verlj001": 1.6666666666666667, "hughp001": 3.0, "gomej002": 2, "lowed001": 2.0, "martl003": 2, "friec001": 1.0, "lohsk001": 1.0, "belod001": 2.0, "ortej001": 1, "blacn001": 2, "benoj001": 4.0, "waldk001": 1, "devrc001": 1, "robet001": 1.0, "swara001": 2, "sancj002": 1.0, "chenb001": 1.0, "adcon001": 1, "teafe001": 2.0, "collt001": 1, "hawkl001": 1.0, "turnj002": 4.0, "downd001": 1, "willj003": 2.0, "salec001": 3.0, "humbp001": 4.0, "cokep001": 1, "mastj001": 1.0, "seddc001": 1, "perec002": 1, "novai001": 2.0, "sanca004": 1.0, "robed002": 2, "huntt002": 2.0, "romej001": 1, "chenw001": 2.0, "greiz001": 1.0, "sante001": 2.0, "craij001": 1.0, "jimeu001": 1.0, "allec002": 1, "grifa002": 3.0, "chavj001": 1, "millj005": 1.0, "blevj001": 1, "dedus001": 2.0, "hochl001": 1.0, "guthj001": 2, "parkj001": 1, "cainm001": 2.0}