{"garlj001": 3.0, "howrb001": 4, "jacke001": 1.6666666666666667, "qualc001": 3.0, "corrk001": 2.0, "kenni001": 2.2, "mujie001": 1, "mortc002": 1.0, "hared001": 2.6, "dukez001": 1, "mccud001": 3.0, "tascj001": 1, "loper001": 1.5833333333333333, "boggm001": 1, "hamec001": 4.0, "romej001": 1, "figun001": 1, "gutij002": 6.0, "kendk001": 2, "gally001": 1, "valdc003": 1.0, "boyeb001": 2, "wolfr001": 1, "vasqe001": 4, "billc001": 1, "wellt002": 3.0, "bautd002": 1, "meddb001": 2, "linct001": 2.0, "morrb001": 1, "jansc001": 1, "buckb002": 2.0, "gregk001": 1, "cooka002": 1, "dalem002": 1, "jimeu001": 4.0, "lowed001": 1.0, "medlk001": 3.0, "moylp001": 1.0, "martc005": 1.0, "ottaa001": 3.0, "hawkb001": 1, "carpc002": 1.0, "mcclk001": 1, "burna001": 3.0, "parkc002": 1, "rosac001": 1.0, "millj002": 1.0, "broxj001": 2, "heila001": 5.0, "gorzt001": 1, "enrib001": 2.25, "silvc001": 1, "roben001": 2.0, "nievf001": 1.0, "dickr001": 1.0, "niesj001": 3, "sancj002": 1, "bumgm001": 1.0, "demes001": 3.0, "motag001": 1, "saunj001": 1.25, "olses001": 2, "peraj002": 1, "hudsd001": 3.0, "richc002": 1.0, "gregl001": 2, "rodrr006": 1, "arrob001": 1.0, "volqe001": 1, "smitj003": 2, "woodt004": 1, "leblw001": 2, "latom001": 1, "norrb001": 1.0, "happj001": 2, "delaj001": 1.0, "belim001": 1, "franj003": 1.0, "beimj001": 1, "doteo001": 1, "norbj001": 1.0, "ely-j001": 1.0, "sherg001": 1}