{"guthj001": 2.0, "abadf001": 4.0, "moyej001": 2.0, "lyonb003": 1, "norrb001": 1.25, "durbc001": 1.0, "weilk001": 2.0, "delgr001": 1.0, "rodrf004": 3.5, "happj001": 2.6666666666666665, "billc001": 2.0, "dickr001": 1.0, "niesj001": 2.0, "schwc001": 2.0, "lohsk001": 1.0, "garcj004": 1.0, "romej001": 1, "rodrw002": 2.25, "rodra002": 2.0, "johnj009": 1.0, "dillt001": 1, "marcs001": 1.0, "harrl002": 1.5, "holld003": 3, "lylej001": 1.6, "lewic001": 1, "garzm001": 2.0, "wellr001": 1, "woodt004": 1.0, "wrigw001": 2.0, "latom001": 1, "arrob001": 1, "cletm001": 1, "myerb001": 2, "lynnl001": 1.0, "cruzr001": 4, "bogub001": 1, "sancj002": 1.0, "colel001": 2, "keucd001": 1.4, "gomej002": 2, "accaj001": 1, "hagan001": 1.0, "rogee002": 1, "ohler001": 2.0, "gregl001": 1, "wellk001": 2, "richc002": 1.0, "casha001": 1, "gally001": 1, "hernl003": 1.0, "leakm001": 3.0, "cordf002": 1, "burna001": 3.0, "karsj001": 2.0, "galaa002": 1.3333333333333333, "mcdoj004": 2, "jacke001": 1.0, "detwr001": 1.0, "storm001": 1.0, "rodrf003": 1.0, "corbp001": 2.0, "fickc001": 3.0, "cainm001": 1, "voger001": 1.0, "bailh001": 1.0, "arrej001": 1.0, "cedex001": 1, "cloyt001": 1.0, "gonze001": 1.0, "hamec001": 2, "valdj001": 1, "kendk001": 1.0, "hallr001": 2.0, "lockj001": 1.0, "takah001": 1, "corrk001": 1, "carpc002": 1.0}