{"melam001": 4.0, "buchc001": 2.0, "hellj001": 4.0, "badeb001": 1, "delad001": 1, "moorm003": 2.0, "doubf001": 2.1666666666666665, "lewic001": 1.0, "lestj001": 2.142857142857143, "atchs001": 2.0, "uehak001": 1, "padiv001": 4, "holld003": 1.0, "beckj002": 6.0, "novai001": 1, "pheld001": 1.0, "albem001": 3, "milot001": 3.0, "norbj001": 1, "cooka002": 1.8, "mortc003": 4, "huntt002": 1, "mcdod002": 1, "sippt001": 1, "mcalz001": 1.0, "mastj001": 1.0, "wheed001": 1, "vargj001": 2.0, "beavb001": 1.0, "rodnf001": 1.0, "aceva001": 8.0, "fistd001": 1, "bardd001": 3.0, "belod001": 1, "smyld001": 2.0, "benoj001": 1, "schem001": 2.0, "moraf001": 5.0, "johnj010": 1.0, "detwr001": 1, "matsd001": 1.0, "zimmj003": 1.0, "buehm001": 3, "nolar001": 1.0, "hatcc002": 2, "cishs001": 1, "mujie001": 1, "martc005": 1.0, "minom001": 3.0, "alvah001": 3, "olivd001": 1, "frasj002": 1.0, "chavj001": 1, "kuroh001": 1.0, "logab001": 1, "septl001": 1.0, "thorm001": 1, "hernp001": 3.0, "reeda001": 1.0, "villc001": 1.5, "cokep001": 2, "milla002": 1, "duenb001": 1.0, "devrc001": 1.0, "perkg001": 1, "blacn001": 1.0, "tazaj001": 1.0, "dempr002": 1.0, "harrm001": 1.0, "oswar001": 1, "sante001": 1, "wilsc004": 1.0, "isrij001": 1, "friee001": 1, "guthj001": 2.0, "smitw002": 1, "colel001": 1, "hochl001": 1.0, "delas001": 1, "lyonb003": 1, "baila001": 1, "sorir001": 1, "wolfr001": 1}