{"chenw001": 1.6666666666666667, "hanrj001": 4, "dempr002": 1.8181818181818181, "huntt002": 2, "aceva001": 1.5, "pricd001": 1.25, "hellj001": 1, "herrk001": 1.0, "baila001": 3.0, "guthj001": 1.0, "websa001": 4.0, "uehak001": 3, "grifa002": 2.0, "lestj001": 1.6, "humbp001": 1.0, "bedae001": 3.0, "clemp002": 1, "worlv001": 1.0, "fienc001": 2, "roenj001": 1, "hernp001": 2, "lackj001": 1.3333333333333333, "tazaj001": 3.0, "jenkc001": 1, "milla002": 2, "mortc003": 2, "rogee002": 1, "mcalz001": 1.0, "mastj001": 1.0, "doubf001": 2.0, "cloyt001": 2.0, "grimj002": 1.0, "ortij004": 3, "ogana001": 1, "kirkm001": 1, "hanst001": 1.0, "willj003": 1.0, "blanj001": 3, "coelr001": 1, "odorj001": 1.0, "peraj002": 1, "wangc001": 1.0, "bresc001": 2.0, "gregl001": 1.0, "stule002": 1.0, "smitb005": 1, "petta001": 2.0, "sabac001": 1.5, "warra001": 2.0, "saunj001": 2.0, "maurb001": 1, "pereo002": 1.0, "furbc001": 1, "delgr001": 2, "beatp001": 1, "peavj001": 1.0, "corbp001": 1, "hernd002": 1, "pattt001": 1, "tillc001": 1.0, "riena001": 1.0, "porcr001": 3.0, "albua001": 2, "bondj001": 2, "reede002": 1, "claip001": 1, "novai001": 1.0, "felds001": 1.0, "dickr001": 2.0, "buchc001": 2.0, "benoj001": 1, "veraj001": 1.0, "siegk001": 1.0, "wachm001": 1.0}