{"weavj003": 1.5, "bakes002": 1, "mijaj001": 2, "saunj001": 3.3333333333333335, "blacn001": 1, "sante001": 1.8888888888888888, "pinej001": 1.3333333333333333, "stokb001": 2, "rodnf001": 3, "gonzg003": 1.0, "bulgj001": 1, "ramie003": 1, "bradd002": 1.0, "rosst001": 2, "bondj001": 1.0, "fuenb001": 2, "verlj001": 1.0, "chamj002": 1, "kazms001": 1.4, "vazqj001": 1, "martd004": 1, "huffd001": 2.0, "smitj002": 1, "westj001": 1.0, "garzm001": 2.0, "shies002": 1.5, "gaudc001": 1, "cahit001": 1.0, "romer002": 2, "lewir002": 1.0, "hernf002": 1.0, "leagb001": 1, "sneli001": 1.0, "kells001": 1, "aardd001": 1, "narvc001": 2.0, "kersc001": 1, "haegc001": 1.0, "cooka002": 1.0, "chacj001": 1, "corpm001": 1, "felds001": 1, "jepsk001": 2, "belto001": 1.0, "rodrf005": 3.0, "chenb001": 1.0, "lerea001": 1.0, "texek001": 1, "martv002": 1, "rowlr002": 1.0, "sweeb001": 2.0, "vargj001": 1.0, "buchc001": 1.0, "hared001": 1.6666666666666667, "atchs001": 1, "lackj001": 1.0, "thomr006": 1, "huntt002": 2.0, "hardr001": 1, "osuls001": 1.0, "chavj001": 1, "cecib001": 3.0, "corml001": 1, "niemj001": 1, "carrc003": 1.0, "mastj001": 1.0, "bellt002": 1, "tomlj001": 2.0, "waldj001": 1, "wilsc004": 1.0}