{"schem001": 1.0, "peavj001": 3.6666666666666665, "wilka001": 2.0, "craij001": 4, "schld001": 1, "salec001": 1.2857142857142858, "porcr001": 3.0, "arrij001": 1.0, "santh001": 6.0, "stewz001": 8.0, "dankj001": 1.6666666666666667, "huntt002": 2.0, "floyg001": 2.0, "humbp001": 3.5, "doubf001": 1, "bardd001": 1, "axeld001": 3.0, "beckj002": 1.0, "jimeu001": 3.0, "ohmaw001": 4, "tomlj001": 1.0, "thorm001": 2, "wheed001": 1, "paulf001": 1.0, "jonen001": 3.0, "smyld001": 2.0, "waltp001": 1.5, "diams001": 1.0, "burna002": 1, "devrc001": 4.0, "duenb001": 1, "burtj001": 1, "reeda001": 5, "gomej002": 2.0, "valdl001": 1, "lowed001": 2, "sippt001": 1, "hernf002": 3.0, "noesh001": 3, "pryos001": 1, "romer002": 3.0, "quinj001": 1.6, "alvah001": 1.0, "cruzr001": 1.0, "harrl002": 1, "lopew001": 1, "rodrf004": 1, "garzm001": 2, "mains001": 1.0, "wolfr001": 1.0, "oswar001": 3.0, "tatey001": 1, "harrm001": 1.0, "laffa001": 1, "cecib001": 1, "omogb001": 2, "lirif001": 1.75, "robet001": 1, "swara001": 1, "blacn001": 2.0, "greiz001": 2.0, "carpd002": 1, "sante001": 2.0, "hawkl001": 1, "hared001": 1.0, "isrij001": 1, "mendl001": 5, "chenb001": 2.0, "mccab001": 3, "neshp001": 1, "blact001": 1.0, "norbj001": 1, "colob001": 1, "garcf002": 1.0, "chamj002": 1, "logab001": 1, "novai001": 2, "hughp001": 1, "vargj001": 3.0, "beavb001": 1, "millk004": 1, "dedus001": 1.0, "doteo001": 1, "fistd001": 2.0, "septl001": 2, "benoj001": 1, "mcalz001": 1, "pestv001": 1, "klubc001": 2, "perec002": 1, "myerb001": 2.0, "hellj001": 1, "heatd001": 1, "archc001": 1}