{"marqj001": 2.0, "casha001": 1.0, "volqe001": 1.0, "bassa001": 1, "nicaj001": 1.4, "gee-d001": 1, "niesj001": 1.0, "hefnj001": 2, "kenni001": 1.0, "cahit001": 1.0, "escae001": 3, "mccab001": 1, "franj003": 2.3333333333333335, "garlj001": 3.0, "hudst001": 2.0, "moorm003": 2.0, "belim001": 4.0, "pricd001": 2.0, "cobba001": 3.0, "kuroh001": 1.0, "pheld001": 1, "ottaa001": 3.0, "cainm001": 3.0, "bumgm001": 2.0, "kontg001": 1, "linct001": 1.0, "bedae001": 1.0, "scahr001": 5.0, "veraj001": 1, "lopew001": 1.5, "leagb001": 1.0, "chacj001": 2.0, "greiz001": 2.0, "belir001": 1, "magim001": 4.0, "thayd001": 1.0, "delaj001": 1.5, "thatj001": 1, "richc002": 1.0, "hared001": 2.0, "stord001": 1, "kendk001": 2.0, "pettj001": 1.0, "volsc001": 1, "hamec001": 1.0, "defrj001": 1, "zitob001": 2.0, "brotr001": 3, "pomed001": 1.5, "oswar001": 2.0, "chatt001": 4.0, "withc001": 1, "betar001": 1, "samaj001": 1, "villc001": 1, "koeht001": 1, "fernj003": 1.0, "outmj001": 2, "corpm001": 1.0, "mchuc001": 1.0, "gorzt001": 1, "axfoj001": 1, "handd001": 3.0, "gonzm001": 1, "lirif001": 1.0, "bettc001": 1.3333333333333333, "mansj001": 1.5, "arrob001": 1.0, "ondrl001": 1, "reyng001": 1, "leakm001": 1.0, "partc001": 1, "jansk001": 1, "rodrp001": 1.0, "wachm001": 1.0, "mujie001": 1, "delgr001": 1, "sippt001": 2, "boggm001": 1, "langm002": 1, "lackj001": 3.0, "peavj001": 1.0}