{"pelfm001": 1.5, "bucht001": 1, "nolar001": 1.5714285714285714, "vazqj001": 1.25, "marqj001": 1.0, "sanca004": 1.8, "johnj009": 1.0, "mujie001": 5, "volsc001": 1.6666666666666667, "mcdoj004": 2, "crotm001": 1, "chacj001": 2.0, "belim001": 1.0, "garlj001": 2.0, "kersc001": 1.0, "sancb001": 5.0, "gorzt001": 1.0, "hernl003": 1.0, "worlv001": 1, "lee-c003": 1.0, "dunnm002": 6.0, "dempr002": 1.0, "woodk002": 1, "sonna001": 2.0, "pricd001": 2.0, "wolfr001": 2, "nunel001": 3, "estrm001": 1, "handb001": 1.0, "jurrj001": 1.0, "saunj001": 3.0, "kenni001": 3, "sante001": 1.0, "hamec001": 3.0, "hernd003": 4, "baezd001": 1, "happj001": 1.0, "lylej001": 1.0, "myerb001": 1.0, "rodrw002": 1.0, "haraa001": 1, "capuc001": 1.5, "carrd001": 1, "gee-d001": 1.0, "parnb001": 1, "hensc002": 1.0, "badeb001": 1, "boggm001": 1, "martc005": 1, "procs001": 1, "varva001": 2, "hudst001": 1.0, "voger001": 1.0, "lecus001": 1, "bailh001": 2, "oswar001": 1, "hatcc002": 1, "minom001": 3.0, "kimbc001": 1, "lowed001": 1.0, "milot001": 1.0, "slatd001": 1}