{"bergb002": 1.3636363636363635, "morrb001": 1, "millk004": 2.2222222222222223, "merec001": 2, "garzm001": 2.5, "guthj001": 1.1, "hendm001": 4.0, "niemj001": 1.0, "choar001": 1, "albem001": 3, "sorir001": 1, "pricd001": 1, "berkj001": 3, "sabac001": 2, "matub001": 1.5714285714285714, "casta002": 3, "hernd002": 2.5, "johnj010": 2, "bardd001": 1, "matsd001": 2, "waket001": 3, "rowlr002": 1.0, "leagb001": 2, "talbm001": 2.0, "simoa001": 5, "westj001": 1, "greiz001": 2.0, "woodb004": 1, "wuerm001": 1.0, "cahit001": 1, "mataf001": 1, "gaudc001": 1, "burna001": 3.0, "sanca004": 1.0, "nolar001": 2.0, "sanaa001": 1.0, "housj002": 1, "clipt001": 1.0, "hernl003": 1.0, "sheeb001": 2.0, "ziegb001": 1, "bowec001": 1, "rosst001": 1, "arrij001": 1.6666666666666667, "shiej002": 2, "slama001": 1, "bakes002": 1.0, "rodrf005": 1, "sante001": 1.0, "hared001": 1.0, "floyg001": 1.0, "buehm001": 1.0, "jacke001": 1.0, "putzj001": 1, "gabia001": 1.0, "pauld001": 1, "lee-c003": 4.0, "huntt002": 1, "felin001": 1, "doubf001": 2, "uehak001": 4, "tillc001": 1.5, "daviw001": 1, "gonzm001": 1, "rzepm001": 1.0, "vandr001": 2, "hills003": 1.0, "violp001": 1, "jansc001": 1, "rivem002": 1.0, "porcr001": 1.0, "galaa002": 1}