{"hamec001": 1.4444444444444444, "marqj001": 1, "stamc001": 1.0, "bergj001": 1, "burns001": 1, "olses001": 1.0, "baezd001": 5.0, "cappm001": 1, "sanca004": 1.0, "hallr001": 2.3333333333333335, "meyed002": 1, "moyej001": 1.75, "nolar001": 1, "kendk001": 1.625, "lidgb001": 3.0, "pelfm001": 1.0, "santj003": 4, "blanj001": 2.0, "mcclk001": 1, "millt002": 1, "hawkb001": 2.0, "pennb002": 2.0, "lohsk001": 1.0, "lowed001": 2.0, "kawak001": 3.0, "mortc002": 1, "tascj001": 1, "dempr002": 2.0, "basta001": 1, "lackj001": 2, "ramir003": 1, "latom001": 1.0, "garlj001": 1.0, "volsc001": 5.0, "blacn001": 2.0, "mahar001": 1, "slowk001": 2.0, "mansj001": 1, "duenb001": 1, "contj002": 2, "durbc001": 2.0, "raucj001": 1, "pavac001": 1, "westj001": 1, "herrf001": 1, "woodk002": 1, "ambrh001": 1, "jurrj001": 1.0, "zagum001": 1, "medlk001": 2, "cuetj001": 1, "smitj003": 1, "leakm001": 1, "cordf002": 1, "rhoda001": 1, "cooka002": 1.0, "bucht001": 1, "franj003": 1.0, "happj001": 2, "loper001": 1, "norbj001": 1, "qualc001": 1, "saunj001": 1.0, "romej001": 2.0, "dickr001": 1.5, "padiv001": 1.0, "hernd003": 1, "belir001": 1, "monac001": 1, "oswar001": 2.0, "cainm001": 1, "motag001": 1, "myerb001": 1.0, "lopew001": 1, "bushd001": 2, "worlv001": 1.0, "milla002": 1.0, "roben001": 1, "bisej001": 1, "zimmj003": 3.0, "stord001": 1, "minom001": 1.0, "gee-d001": 1.0, "miscp001": 1, "madsr001": 2.0, "linct001": 2}