{"burna001": 1.25, "hughj001": 2.0, "watst001": 2, "hoovj002": 1, "lockj001": 1.2857142857142858, "latom001": 1.3333333333333333, "broxj001": 3, "melam001": 2.0, "lynnl001": 1.0, "tehej001": 2, "hudst001": 1.0, "mahop002": 1.0, "detwr001": 2.0, "stras001": 2.0, "gonzg003": 1.0, "rodrw002": 2.0, "morrb002": 2, "cappc001": 1.0, "fierm001": 1, "burgh001": 1.0, "lylej001": 1.0, "gomej002": 1, "ambrh001": 1, "harrl002": 1.0, "camps002": 1.0, "sanca004": 1.0, "mijaj001": 1.0, "kontg001": 1, "ramir003": 2.0, "zagum001": 1.0, "jansk001": 1.0, "greiz001": 1.0, "guerm001": 1, "gonzm001": 1.0, "handd001": 2.0, "pettj001": 1.0, "lannj001": 1.0, "grilj001": 2, "strad003": 1.0, "coleg001": 1.3333333333333333, "hefnj001": 1.0, "mortc002": 1.5, "aardd001": 1.0, "westj001": 1.0, "lyont001": 1.0, "waina001": 1.0, "delaj001": 1.0, "corpm001": 1.0, "dunnm002": 1.0, "koeht001": 1.0, "putzj001": 1.0, "cahit001": 2, "lohsk001": 1, "wootr001": 1, "badeb001": 1.0, "mills001": 2.0, "arrij001": 3, "bakes002": 1.0, "russj003": 1, "woodt004": 1.0, "lirif001": 2, "rosst001": 1.0, "kenni001": 2.0, "farnk001": 1, "bailh001": 1, "arrob001": 2, "cuetj001": 2.0, "ondrl001": 1, "wachm001": 1}