{"jimeu001": 2.0, "albem001": 2, "kells001": 1, "carrc003": 2.0, "myerb001": 4, "petta001": 1, "salec001": 1.5, "heatd001": 1, "shawb001": 3, "peavj001": 1.0, "pestv001": 6, "aceva001": 2.0, "mcalz001": 2.25, "hallr001": 3.0, "durbc001": 2, "valdr002": 2, "mastj001": 1.3333333333333333, "hernp001": 1, "allec002": 3.0, "corrk001": 2.0, "kazms001": 1.8, "klubc001": 1.6, "perkg001": 1, "parkj001": 4.0, "grifa002": 2.0, "colob001": 2.0, "scrie001": 1, "pheld001": 1.0, "maurb001": 1, "hillr001": 2, "luetl001": 1, "saunj001": 1.0, "perec002": 3.5, "hernf002": 1.0, "iwakh001": 2.0, "smitj002": 3, "furbc001": 1, "verlj001": 1.0, "smyld001": 1, "arrob001": 2, "barns002": 2.0, "archc001": 2.0, "hagan001": 1.0, "langm002": 1, "gonzg003": 1.0, "zimmj003": 2, "shiej002": 1.0, "mendl001": 1.0, "hochl001": 1, "fienc001": 1.0, "cokep001": 1, "downd001": 1, "fistd001": 4.0, "albua001": 1, "dickr001": 1.0, "guthj001": 1.0, "perem004": 1.0, "frasj002": 1, "darvy001": 1.0, "wolfr002": 1.0, "tronr001": 1.0, "axeld001": 3.0, "salad001": 1.6666666666666667, "weavj003": 2, "willj003": 2.0, "gutij002": 1, "hendl001": 2.0, "burtj001": 1.0, "norrb001": 1, "huntt002": 1, "rzepm001": 1, "byrdt001": 1, "niesj001": 1.0, "atchs001": 1, "sante001": 3.0, "clemp002": 1.0, "delej002": 1, "santh001": 1.0, "reeda001": 1}