{"jurrj001": 1.5, "wolfr001": 2, "oflae001": 2, "narvc001": 2.0, "durbc001": 5.0, "hanst001": 1.8333333333333333, "hernl003": 2.5, "acosm001": 1.0, "dickr001": 3, "lincb001": 1.0, "mcdoj004": 1.0, "minom001": 2.0, "hamec001": 1.0, "hallr001": 2.5, "sancb001": 1, "delgr001": 1.25, "cuetj001": 1.0, "martc005": 2.0, "nolar001": 2.0, "wangc001": 1.0, "stras001": 1, "ventj001": 4.0, "westj001": 2.0, "lohsk001": 1.5, "beacb001": 1.0, "hutcd001": 2.0, "gearc001": 1, "kuroh001": 1.0, "hudst001": 3.0, "matub001": 2.0, "hudsd001": 1.0, "cahit001": 2.0, "kimbc001": 2.0, "detwr001": 1, "gonzg003": 1, "volsc001": 1.0, "varva001": 1, "garzm001": 3.0, "corpm001": 1, "younc003": 1.0, "edgij001": 1, "santj003": 1.0, "voger001": 1.0, "garcj002": 1, "pennb002": 1, "bumgm001": 2.0, "buehm001": 1.0, "medlk001": 1.6666666666666667, "jennd003": 1, "mahop002": 1.5, "norrb001": 1.0, "richc002": 1.0, "boxbb001": 1, "volqe001": 1, "marqj001": 3.0, "capuc001": 1.0, "sheeb001": 4.0, "jansk001": 1, "horsj001": 1, "roseb003": 1, "papej001": 1.0, "jacke001": 2, "dunnm002": 1, "johnj009": 1.0, "niesj001": 1.0, "mejij001": 1.0}