{"beacb001": 1.6666666666666667, "lines001": 3, "lowed001": 1.4, "volsc001": 2.0, "hudst001": 2.0, "choar001": 2, "nolar001": 3.0, "carrd001": 3.0, "miscp001": 1, "isrij001": 1.0, "carpc002": 2.0, "garcj004": 1.0, "gally001": 1.0, "hanst001": 1.2, "greiz001": 1.0, "marcs001": 1.0, "loe-k001": 1, "marqj001": 1, "clipt001": 2, "slatd001": 1.0, "zimmj003": 1, "burns001": 2.0, "blanj001": 2.0, "hallr001": 1, "melam001": 1, "fulcj001": 1, "kimbc001": 2.0, "arrob001": 2.0, "horsj001": 1, "jurrj001": 1.6666666666666667, "cuetj001": 1, "sherg001": 1.5, "neshp001": 1, "dickr001": 1.0, "procs001": 2, "rodrf003": 1, "lewic001": 2.0, "delgr001": 1.6666666666666667, "harrm001": 1.0, "romer002": 1.0, "stewz001": 1.0, "reyej003": 2.0, "raucj001": 1, "guthj001": 1.0, "arrij001": 1, "jimeu001": 1.0, "reynm002": 1, "chacj001": 1.0, "stule002": 2, "cooka002": 1.0, "betar001": 1, "nicaj001": 1.0, "hernl003": 1.0, "lannj001": 1.5, "mccud001": 1.0, "hensc002": 1.0, "sanca004": 1.0, "zambc001": 5.0, "varva001": 1, "wellr001": 1.0, "oflae001": 1.0, "bumgm001": 1.0, "linct001": 1.0, "hudsd001": 3.0, "milew001": 1.0, "dukez001": 2, "collj001": 1.0, "martc005": 1, "wangc001": 2.0, "guerj002": 1.0, "minom001": 1.0, "eovan001": 1, "handb001": 1.0, "sancb001": 1, "capuc001": 1, "tehej001": 2, "gee-d001": 1.0, "lee-c003": 1.0, "vizca001": 1, "kendk001": 1, "hamec001": 1.0}