{"hared001": 1.2307692307692308, "sante001": 1.7, "herrk001": 1, "mccab001": 1.0, "balfg001": 1, "willj003": 1.6666666666666667, "weavj003": 2.0, "strop001": 1.0, "blacn001": 1.0, "burna002": 2, "lirif001": 2.0, "hendl001": 1.0, "drabk001": 2.0, "wilsc004": 2.0, "hutcd001": 1.0, "colob001": 1.0, "floyg001": 3.0, "salec001": 1.0, "pauld001": 1, "cassb001": 2.0, "hughp001": 1, "takah001": 2, "wadec001": 1, "petta001": 2.0, "novai001": 1, "harrm001": 2.0, "vargj001": 2, "beavb001": 3.0, "richg002": 2.5, "noesh001": 1.0, "carpd002": 2, "saunj001": 1.0, "kenni001": 1.0, "cainm001": 1.0, "zitob001": 1.0, "voger001": 1.0, "louxs001": 2, "billc001": 1, "haraa001": 1.0, "gonzm003": 1.0, "odayd001": 1, "chenw001": 3.0, "ayall001": 1, "holld003": 3.0, "ogana001": 1, "hochl001": 1.0, "downs001": 2, "colel001": 2, "hernf002": 1, "iwakh001": 1, "wilht001": 1, "pestv001": 1, "greiz001": 1.6666666666666667, "jimeu001": 2, "hawkl001": 1, "carmf001": 2.0, "isrij001": 2, "shiej002": 2, "cobba001": 2.0, "jepsk001": 1, "moorm003": 2.0, "buchc001": 2.0, "stewz001": 2.0, "verlj001": 1.0, "sanca004": 2.0, "strad003": 2, "dools001": 1, "andeb004": 1.0, "waldj001": 1, "friee001": 1.0, "peavj001": 1, "omogb001": 1, "ramie004": 2}