{"hamec001": 3.0, "hudst001": 3.0, "hallr001": 2.0, "papej001": 2.0, "felds001": 1.0, "minom001": 2.3333333333333335, "villc001": 1.0, "tehej001": 2.5, "marmc001": 2, "takah001": 1.0, "guthj001": 2.0, "medlk001": 1.6666666666666667, "herrk001": 3, "gonzg003": 1.0, "dukez001": 1, "mahop002": 1.2, "hared001": 1.0, "oflae001": 2, "lyonb003": 1, "kimbc001": 2, "famij001": 1, "rodrp001": 1, "jansk001": 2.0, "corrk001": 1.0, "swara001": 1.0, "perkg001": 1, "worlv001": 3.0, "rasmc002": 3.0, "dickr001": 1.0, "redmt002": 1, "stras001": 1.0, "karnn001": 2.0, "burna001": 3.0, "reidr001": 1, "mazzv001": 2.0, "gaudc001": 2.0, "gee-d001": 1.0, "marcs001": 1.0, "delgr001": 1.0, "kenni001": 1.5, "waldj001": 3, "cahit001": 3.0, "nolar001": 1.0, "arrob001": 1.0, "bailh001": 1.0, "simoa001": 1, "lecus001": 1, "chapa001": 1, "waina001": 1, "mills001": 1.0, "beacb001": 3.0, "nicaj001": 2.0, "wooda002": 2.0, "escae001": 2, "chatt001": 1.0, "bettc001": 2.0, "turnj002": 4.0, "alvah001": 1.0, "marte002": 1.0, "lannj001": 1.0, "carpd001": 3.0, "kroli001": 1.0, "abadf001": 1, "clipt001": 1, "sorir001": 1, "jimeu001": 1.0, "fernj003": 1.0, "matsd001": 1.0, "torrc001": 2.0, "loe-k001": 2.0, "blacv001": 1, "erlir001": 1.0, "varva001": 1, "garcf002": 1.0, "cloyt001": 1.0, "lee-c003": 1.0, "minez001": 1.0}