{"byrdt001": 2.0, "myerb001": 1.3333333333333333, "fulcj001": 2.0, "lopew001": 2.0, "moyej001": 2.0, "lyonb003": 2, "lindm001": 4.0, "oswar001": 1.4285714285714286, "woodt003": 1, "johnj009": 1.0, "tascj001": 1.0, "rodrw002": 1.4, "mortc002": 1.0, "massn001": 1.0, "arrob001": 2.0, "paulf001": 2.0, "loper001": 1.0, "gutij002": 1, "norrb001": 1.7142857142857142, "mujie001": 2.0, "smitg002": 1.0, "sampc001": 4, "niemj001": 1.0, "pricd001": 2.0, "atill001": 1.0, "stamc001": 1.0, "lannj001": 1.0, "martj005": 2.0, "cappm001": 1, "dempr002": 3.0, "wellr001": 1.0, "wrigw001": 1.0, "moehb001": 1.0, "daigc001": 2, "cainm001": 2.0, "lincb001": 2.0, "mccud001": 3.0, "carrd001": 1, "ohler001": 2.0, "suppj001": 2.0, "woodt004": 1, "leakm001": 2.0, "figun001": 2.5, "casha001": 1.0, "schlb001": 1, "parrm001": 2.0, "riskd001": 1, "bradz001": 1, "meeke001": 1.0, "mahop002": 1, "parkc002": 1.0, "santj003": 2.0, "melam001": 1, "dickr001": 1.0, "miscp001": 1.0, "lillt001": 1, "abadf001": 1.0, "ely-j001": 1, "monac001": 1.0, "doteo001": 1, "capuc001": 1, "happj001": 1.5, "cuetj001": 1, "smitj003": 1.0}