{"lowed001": 2.0, "cruzr001": 1.0, "peacb001": 3.5, "norrb001": 3.0, "colob001": 1, "keucd001": 3.0, "harrl002": 1.7142857142857142, "myerb001": 2.0, "humbp001": 2.5, "kazms001": 2, "blact001": 9.0, "jimeu001": 1.0, "bedae001": 2.3333333333333335, "oberb001": 3.0, "ambrh001": 5.0, "cappc001": 1, "iwakh001": 1.0, "saunj001": 1.5, "beavb001": 1, "clemp002": 7.0, "porcr001": 2.0, "veraj001": 3.0, "cisnj001": 5.0, "schem001": 1, "lylej001": 1.5714285714285714, "wilsc004": 2, "blanj001": 2.0, "ogana001": 1.0, "wrigw001": 2, "darvy001": 3.0, "tepen001": 1, "gonze001": 4, "ortij004": 1, "guthj001": 2.0, "daviw001": 1.0, "shiej002": 1.0, "milot001": 2.0, "grifa002": 5.0, "okajh001": 1, "tillc001": 1, "garcf002": 4.0, "johns001": 2, "dankj001": 2.0, "thorm001": 1.0, "figaa001": 1.0, "gorzt001": 1, "hendj001": 1, "gonzm001": 1, "westj001": 1, "fielj002": 2.5, "willj003": 1.0, "carmf001": 1.0, "mcgej001": 1, "archc001": 1.0, "peraj002": 1, "pereo002": 1, "balfg001": 1, "workb001": 2.0, "britd001": 1, "dempr002": 1.0, "zeidj001": 1, "garzm001": 2.0, "holld003": 1.0, "chapk002": 1, "perem004": 1.0, "redmt002": 1, "olivd001": 1, "wangc001": 1.0, "jenkc001": 1, "ramie004": 1, "lo--c001": 1, "cosaj001": 2.0, "hernp001": 1, "perkg001": 1, "vargj001": 1.0, "rasmc002": 1, "weavj003": 1, "reyng001": 1.0}