{"malom001": 3.0, "heila001": 5.0, "leakm001": 1.0, "massn001": 1, "demes001": 2.0, "gutij002": 3, "galaa002": 7.0, "carpc002": 2, "augeb001": 1, "kenni001": 1.5, "westj001": 1, "hudsd001": 1.1666666666666667, "saunj001": 1.6666666666666667, "enrib001": 4.0, "bumgm001": 3.0, "vasqe001": 1, "lee-c003": 2.0, "zagum001": 1.0, "hernd002": 4, "hamec001": 1, "basta001": 1, "putzj001": 4, "dempr002": 1.0, "bergj002": 1, "zambc001": 1.0, "colec001": 1.0, "delaj001": 1.0, "paulf001": 1, "chacj001": 2.0, "reynm002": 1, "streh001": 2.0, "richc002": 2.0, "friee001": 1, "tehej001": 1.0, "jurrj001": 1.0, "duenb001": 1, "owinm001": 5.0, "cappm001": 1, "lirif001": 1.0, "volsc001": 2.0, "webbr001": 2, "dunnm002": 1, "sanca004": 2.0, "vazqj001": 1, "mayay001": 1.0, "clipt001": 1, "patej001": 1, "cainm001": 1.0, "voger001": 1.0, "garcj002": 1, "dukez001": 1.0, "collj001": 1.6, "tomlj001": 1.0, "sippt001": 1, "carrc003": 2.0, "kersc001": 3.0, "kuroh001": 1, "lillt001": 2.0, "wolfr001": 1.5, "gally001": 1, "greiz001": 2.0, "hawkl001": 1, "cooka002": 1.0, "hammj002": 1, "stule002": 1, "shawb001": 1.0, "fulcj001": 1, "marqj001": 1.5, "lopew001": 1, "sosah001": 1.0, "melam001": 1.0, "escas001": 1, "gee-d001": 1.0, "carrd001": 1.0, "capuc001": 1, "haraa001": 1.0, "luebc001": 4.0, "whita001": 1.0, "belim001": 1, "rogee002": 1.0, "latom001": 1.0, "milew001": 3.0, "bellh001": 2, "leblw001": 1, "karsj001": 1.0, "ohler001": 1.0, "guerj002": 1.0, "tronr001": 2, "marcs001": 1, "narvc001": 2}