{"estrm001": 1.0, "voger001": 1.0, "cainm001": 2.0, "romos001": 1, "bumgm001": 1.0, "linct001": 2.0, "gaudc001": 1, "camps002": 3.0, "ogana001": 2.0, "villc001": 3.0, "richc002": 2.0, "jacke001": 1.5, "volqe001": 2, "loe-k001": 1, "thayd001": 1, "rondh001": 4, "erlir001": 1, "felds001": 1.5, "stule002": 1.0, "samaj001": 2.1666666666666665, "cingt001": 3, "lowed001": 1.0, "woodt004": 2.2, "lynnl001": 3.0, "nicaj001": 1.0, "marmc001": 2, "franj003": 1, "garlj001": 2.0, "carsr001": 1.0, "mchuc001": 1, "gee-d001": 2.0, "fujik001": 1, "dankj001": 2.0, "omogb001": 2, "peavj001": 1.0, "jonen001": 1, "milew001": 3.0, "kenni001": 1, "corbp001": 1.0, "burna001": 1, "wilsj004": 1.0, "garzm001": 4.0, "putnz001": 1, "leakm001": 1.0, "latom001": 1.0, "keucd001": 3.0, "norrb001": 1.0, "leblw001": 1.0, "wrigw001": 1, "lirif001": 1.0, "mortc002": 2, "watst001": 1.0, "gregk001": 3, "blanj001": 4.0, "kohnm001": 1, "rodrh002": 1, "buckb002": 1, "siegk001": 1.0, "waina001": 1.0, "russj003": 3.0, "arrij001": 1.5, "peraw001": 2.0, "nolar001": 3.0, "rodrp001": 1, "bailh001": 3.0, "rusic001": 1.3333333333333333, "zimmj003": 3.0, "abadf001": 1, "kroli001": 1, "hared001": 1.0, "sorir001": 1, "ohler001": 2.0, "stras001": 2, "hallr001": 2.0, "minez001": 1, "koeht001": 1.0, "flynb001": 2, "camia001": 1, "webbr001": 1, "lohsk001": 1.0, "strop001": 1, "hellj002": 2.0, "gally001": 1.0, "bakes002": 2.0, "mahop002": 2, "avill001": 1, "raleb001": 1}