{"nolar001": 1.0, "fulcj001": 3, "nunel001": 1, "norrb001": 1.6666666666666667, "dempr002": 2.0, "myerb001": 1.6363636363636365, "rodrw002": 1.5, "abadf001": 4.0, "zambc001": 1, "happj001": 1.8333333333333333, "latom001": 1.0, "garcj004": 1.0, "mcclk001": 1.0, "rodra002": 2.5, "lyonb003": 4.0, "narvc001": 4.0, "ondrl001": 1, "dickr001": 2, "igarr001": 1, "bucht001": 1, "lillt001": 1.0, "valdj001": 1, "collj001": 1.0, "westj001": 1, "delre001": 1, "rodrf004": 1.6666666666666667, "martc005": 1, "lylej001": 2.0, "lowed001": 1.0, "lopew001": 2, "howej003": 1, "peraj002": 1, "melam001": 2, "lewic001": 1, "harrm001": 1.0, "bushd001": 1, "milla002": 1.0, "mahop002": 1.0, "corrk001": 1.0, "resoc001": 1, "zimmj003": 1.0, "willd003": 1.0, "lecus001": 1, "wrigw001": 1, "axfoj001": 1, "marmc001": 1, "motag001": 1.0, "bumgm001": 2.0, "escas001": 1, "sosah001": 1.0, "veraj001": 1, "mortc002": 1.0, "carpd001": 2.0, "oswar001": 1.0, "hamec001": 1, "roenj001": 1.0, "pendl001": 2.0, "hammj002": 1.0, "cedex001": 2, "abrej002": 1}