{"dempr002": 1.8, "zambc001": 1.6666666666666667, "ohler001": 1.0, "wellr001": 2.0, "saunj001": 1, "casha001": 1.0, "enrib001": 1, "galaa002": 2.0, "grabj002": 6, "gregl001": 1.0, "russj003": 4.0, "qualc001": 1, "stevj001": 1.0, "matem001": 1, "rogee002": 1.0, "streh001": 1, "garzm001": 1.5714285714285714, "arrob001": 3.0, "cordf002": 1, "colec001": 1.0, "marss002": 1.0, "beatp001": 1.0, "isrij001": 1, "beimj001": 1.0, "mains001": 2, "karsj001": 1.0, "rodra002": 1.0, "loper001": 8.0, "samaj001": 3.0, "marmc001": 3.0, "myerb001": 1.0, "david002": 2, "gally001": 1.0, "estrm001": 2, "narvc001": 3.0, "greiz001": 1, "herrd001": 1, "mitrs001": 1, "burna001": 1.0, "rivem002": 1, "sabac001": 1, "carpc003": 1, "chacj001": 3, "mortc003": 1, "voger001": 2.0, "zitob001": 1.0, "motag001": 1, "wilsb001": 1.0, "ramir003": 1, "jacke001": 1.0, "floyg001": 1.0, "sanca004": 1.0, "ortir002": 2.0, "vazqj001": 1, "hallr001": 1.0, "hernd003": 1, "lee-c003": 1.0, "norrb001": 2.0, "rodrw002": 3.0, "leakm001": 1.5, "woodk002": 2, "cuetj001": 1.0, "clipt001": 1, "detwr001": 2.0, "balec001": 1, "zimmj003": 2, "garcj004": 1, "minom001": 1, "lowed001": 1.0, "beacb001": 1, "burrb001": 1.0, "brayb001": 1.0, "sosah001": 1.0, "marcs001": 1.0, "wolfr001": 1.0}