{"chacj001": 2.3333333333333335, "guthj001": 7.0, "chatt001": 1.25, "hudsd001": 2.0, "nicaj001": 1.5, "collj001": 2.0, "roenj001": 6, "putzj001": 1, "pomed001": 1.2, "bassa001": 1.0, "betar001": 3, "richc002": 4, "schwc001": 2.0, "acosm001": 1, "parnb001": 1, "moscg001": 3.0, "franf001": 2, "moyej001": 3.0, "byrdt001": 1, "lillt001": 1, "lindj004": 3, "kersc001": 3.0, "elbes001": 1, "hudst001": 1, "reynm002": 3.5, "escae001": 2, "minom001": 2.0, "durbc001": 1, "cahit001": 2.0, "whita001": 1.6666666666666667, "friec001": 1.6666666666666667, "vargj001": 1, "beavb001": 1.0, "leagb001": 1, "rodrw002": 2, "lylej001": 1.0, "harrl002": 2.0, "cruzr001": 1, "cedex001": 1, "carpd001": 1, "norrb001": 1.0, "lyonb003": 1, "capuc001": 1.0, "hared001": 4.0, "takah001": 1, "sante001": 2, "colob001": 2.0, "brotr001": 4.0, "outmj001": 2.0, "milot001": 3, "ottaa001": 6.0, "fuenb001": 2, "gonzg003": 2, "cabre002": 3.0, "jacke001": 1.0, "hinsa001": 2, "volqe001": 2.0, "sancb001": 1, "mcdoj004": 2.0, "arrej001": 1, "belim001": 3.0, "latom001": 1.0, "sancj002": 2, "franj003": 1.2, "lohsk001": 1, "rzepm001": 1, "salaf001": 1.0, "voger001": 2, "bumgm001": 1, "harrw002": 2, "wolfr001": 1, "veraj001": 1, "rogem001": 1.0, "nolar001": 1, "johnj009": 1, "beckj002": 1.0, "wallj002": 1, "torrc001": 1, "gregl001": 1, "mikom001": 1, "kellc001": 2, "bracb001": 1, "romos001": 1, "linct001": 1.0, "corbp001": 2.0, "ziegb001": 1, "delaj001": 2.0, "rusic001": 1, "dolir001": 1, "berkj001": 1.0, "volsc001": 2.0}